GEO.id,GEO.id2,GEO.display-label,HD01_VD01,HD02_VD01
8600000US06390,6390,ZCTA5 06390,307,121
8600000US10001,10001,ZCTA5 10001,20579,1027
8600000US10002,10002,ZCTA5 10002,80323,2259
8600000US10003,10003,ZCTA5 10003,56614,2161
8600000US10004,10004,ZCTA5 10004,2780,511
8600000US10005,10005,ZCTA5 10005,5724,627
8600000US10006,10006,ZCTA5 10006,2696,417
8600000US10007,10007,ZCTA5 10007,6188,563
8600000US10009,10009,ZCTA5 10009,62397,1899
8600000US10010,10010,ZCTA5 10010,29396,1574
8600000US10011,10011,ZCTA5 10011,51853,1605
8600000US10012,10012,ZCTA5 10012,24703,1490
8600000US10013,10013,ZCTA5 10013,26090,1531
8600000US10014,10014,ZCTA5 10014,30893,1330
8600000US10016,10016,ZCTA5 10016,52624,1912
8600000US10017,10017,ZCTA5 10017,16137,1027
8600000US10018,10018,ZCTA5 10018,6147,653
8600000US10019,10019,ZCTA5 10019,40351,1519
8600000US10020,10020,ZCTA5 10020,0,12
8600000US10021,10021,ZCTA5 10021,42646,2215
8600000US10022,10022,ZCTA5 10022,29317,1259
8600000US10023,10023,ZCTA5 10023,60447,2385
8600000US10024,10024,ZCTA5 10024,58991,1935
8600000US10025,10025,ZCTA5 10025,96449,2603
8600000US10026,10026,ZCTA5 10026,36797,1704
8600000US10027,10027,ZCTA5 10027,61018,1989
8600000US10028,10028,ZCTA5 10028,45799,1816
8600000US10029,10029,ZCTA5 10029,79031,2425
8600000US10030,10030,ZCTA5 10030,29364,1868
8600000US10031,10031,ZCTA5 10031,59708,2054
8600000US10032,10032,ZCTA5 10032,61650,2448
8600000US10033,10033,ZCTA5 10033,57073,2062
8600000US10034,10034,ZCTA5 10034,41200,1827
8600000US10035,10035,ZCTA5 10035,34709,1677
8600000US10036,10036,ZCTA5 10036,22413,1060
8600000US10037,10037,ZCTA5 10037,17099,1037
8600000US10038,10038,ZCTA5 10038,20042,1052
8600000US10039,10039,ZCTA5 10039,25372,1264
8600000US10040,10040,ZCTA5 10040,43650,1831
8600000US10044,10044,ZCTA5 10044,12311,832
8600000US10065,10065,ZCTA5 10065,32807,1531
8600000US10069,10069,ZCTA5 10069,5359,965
8600000US10075,10075,ZCTA5 10075,24148,1649
8600000US10103,10103,ZCTA5 10103,0,12
8600000US10110,10110,ZCTA5 10110,3,3
8600000US10111,10111,ZCTA5 10111,0,12
8600000US10112,10112,ZCTA5 10112,0,12
8600000US10115,10115,ZCTA5 10115,0,12
8600000US10119,10119,ZCTA5 10119,0,12
8600000US10128,10128,ZCTA5 10128,59443,1909
8600000US10152,10152,ZCTA5 10152,0,12
8600000US10153,10153,ZCTA5 10153,0,12
8600000US10154,10154,ZCTA5 10154,0,12
8600000US10162,10162,ZCTA5 10162,1590,580
8600000US10165,10165,ZCTA5 10165,0,12
8600000US10167,10167,ZCTA5 10167,0,12
8600000US10168,10168,ZCTA5 10168,0,12
8600000US10169,10169,ZCTA5 10169,0,12
8600000US10170,10170,ZCTA5 10170,0,12
8600000US10171,10171,ZCTA5 10171,0,12
8600000US10172,10172,ZCTA5 10172,0,12
8600000US10173,10173,ZCTA5 10173,0,12
8600000US10174,10174,ZCTA5 10174,0,12
8600000US10177,10177,ZCTA5 10177,0,12
8600000US10199,10199,ZCTA5 10199,0,12
8600000US10271,10271,ZCTA5 10271,0,12
8600000US10278,10278,ZCTA5 10278,0,12
8600000US10279,10279,ZCTA5 10279,0,12
8600000US10280,10280,ZCTA5 10280,7610,948
8600000US10282,10282,ZCTA5 10282,5507,916
8600000US10301,10301,ZCTA5 10301,38851,1683
8600000US10302,10302,ZCTA5 10302,17090,1126
8600000US10303,10303,ZCTA5 10303,24933,1350
8600000US10304,10304,ZCTA5 10304,41845,1853
8600000US10305,10305,ZCTA5 10305,41309,1554
8600000US10306,10306,ZCTA5 10306,55692,1651
8600000US10307,10307,ZCTA5 10307,14418,739
8600000US10308,10308,ZCTA5 10308,28782,1453
8600000US10309,10309,ZCTA5 10309,31943,1253
8600000US10310,10310,ZCTA5 10310,24454,1109
8600000US10311,10311,ZCTA5 10311,0,12
8600000US10312,10312,ZCTA5 10312,61136,1603
8600000US10314,10314,ZCTA5 10314,87921,2153
8600000US10451,10451,ZCTA5 10451,45931,1604
8600000US10452,10452,ZCTA5 10452,74520,1951
8600000US10453,10453,ZCTA5 10453,79143,2138
8600000US10454,10454,ZCTA5 10454,37850,1333
8600000US10455,10455,ZCTA5 10455,38114,1761
8600000US10456,10456,ZCTA5 10456,87796,2600
8600000US10457,10457,ZCTA5 10457,69411,2271
8600000US10458,10458,ZCTA5 10458,74911,2288
8600000US10459,10459,ZCTA5 10459,47000,1773
8600000US10460,10460,ZCTA5 10460,56011,1942
8600000US10461,10461,ZCTA5 10461,51599,1915
8600000US10462,10462,ZCTA5 10462,75709,1908
8600000US10463,10463,ZCTA5 10463,69371,1853
8600000US10464,10464,ZCTA5 10464,3974,445
8600000US10465,10465,ZCTA5 10465,43897,1727
8600000US10466,10466,ZCTA5 10466,71631,2260
8600000US10467,10467,ZCTA5 10467,96319,2620
8600000US10468,10468,ZCTA5 10468,73205,1884
8600000US10469,10469,ZCTA5 10469,71580,2648
8600000US10470,10470,ZCTA5 10470,15647,1070
8600000US10471,10471,ZCTA5 10471,21792,1035
8600000US10472,10472,ZCTA5 10472,67915,2296
8600000US10473,10473,ZCTA5 10473,58403,2453
8600000US10474,10474,ZCTA5 10474,12723,819
8600000US10475,10475,ZCTA5 10475,41625,1860
8600000US10501,10501,ZCTA5 10501,1207,270
8600000US10502,10502,ZCTA5 10502,5361,240
8600000US10503,10503,ZCTA5 10503,263,120
8600000US10504,10504,ZCTA5 10504,8215,345
8600000US10505,10505,ZCTA5 10505,694,232
8600000US10506,10506,ZCTA5 10506,5158,462
8600000US10507,10507,ZCTA5 10507,7006,621
8600000US10509,10509,ZCTA5 10509,20148,679
8600000US10510,10510,ZCTA5 10510,10671,490
8600000US10511,10511,ZCTA5 10511,2354,192
8600000US10512,10512,ZCTA5 10512,24960,816
8600000US10514,10514,ZCTA5 10514,12604,576
8600000US10516,10516,ZCTA5 10516,5205,353
8600000US10517,10517,ZCTA5 10517,679,258
8600000US10518,10518,ZCTA5 10518,1561,340
8600000US10519,10519,ZCTA5 10519,126,121
8600000US10520,10520,ZCTA5 10520,13159,473
8600000US10522,10522,ZCTA5 10522,10889,24
8600000US10523,10523,ZCTA5 10523,7789,554
8600000US10524,10524,ZCTA5 10524,4482,350
8600000US10526,10526,ZCTA5 10526,1738,237
8600000US10527,10527,ZCTA5 10527,1221,267
8600000US10528,10528,ZCTA5 10528,13209,592
8600000US10530,10530,ZCTA5 10530,11947,641
8600000US10532,10532,ZCTA5 10532,5071,455
8600000US10533,10533,ZCTA5 10533,7406,263
8600000US10535,10535,ZCTA5 10535,800,434
8600000US10536,10536,ZCTA5 10536,10840,780
8600000US10537,10537,ZCTA5 10537,2239,452
8600000US10538,10538,ZCTA5 10538,16699,518
8600000US10541,10541,ZCTA5 10541,26647,759
8600000US10543,10543,ZCTA5 10543,20040,444
8600000US10545,10545,ZCTA5 10545,114,62
8600000US10546,10546,ZCTA5 10546,1275,334
8600000US10547,10547,ZCTA5 10547,7937,802
8600000US10548,10548,ZCTA5 10548,2910,345
8600000US10549,10549,ZCTA5 10549,15560,500
8600000US10550,10550,ZCTA5 10550,36938,1140
8600000US10552,10552,ZCTA5 10552,20259,889
8600000US10553,10553,ZCTA5 10553,10141,795
8600000US10560,10560,ZCTA5 10560,4812,183
8600000US10562,10562,ZCTA5 10562,31239,487
8600000US10566,10566,ZCTA5 10566,23568,40
8600000US10567,10567,ZCTA5 10567,20083,682
8600000US10570,10570,ZCTA5 10570,12623,629
8600000US10573,10573,ZCTA5 10573,38237,88
8600000US10576,10576,ZCTA5 10576,4996,302
8600000US10577,10577,ZCTA5 10577,5391,531
8600000US10578,10578,ZCTA5 10578,665,340
8600000US10579,10579,ZCTA5 10579,9071,477
8600000US10580,10580,ZCTA5 10580,17342,277
8600000US10583,10583,ZCTA5 10583,39210,915
8600000US10588,10588,ZCTA5 10588,2090,436
8600000US10589,10589,ZCTA5 10589,8403,400
8600000US10590,10590,ZCTA5 10590,6632,493
8600000US10591,10591,ZCTA5 10591,22722,474
8600000US10594,10594,ZCTA5 10594,5114,442
8600000US10595,10595,ZCTA5 10595,8016,527
8600000US10596,10596,ZCTA5 10596,1152,299
8600000US10597,10597,ZCTA5 10597,1138,399
8600000US10598,10598,ZCTA5 10598,28624,790
8600000US10601,10601,ZCTA5 10601,10113,563
8600000US10603,10603,ZCTA5 10603,17914,1037
8600000US10604,10604,ZCTA5 10604,11607,837
8600000US10605,10605,ZCTA5 10605,18368,876
8600000US10606,10606,ZCTA5 10606,16410,1062
8600000US10607,10607,ZCTA5 10607,6854,819
8600000US10701,10701,ZCTA5 10701,62396,1430
8600000US10703,10703,ZCTA5 10703,20261,1206
8600000US10704,10704,ZCTA5 10704,30432,1008
8600000US10705,10705,ZCTA5 10705,38654,1505
8600000US10706,10706,ZCTA5 10706,8549,173
8600000US10707,10707,ZCTA5 10707,10461,496
8600000US10708,10708,ZCTA5 10708,21464,789
8600000US10709,10709,ZCTA5 10709,9605,424
8600000US10710,10710,ZCTA5 10710,25811,982
8600000US10801,10801,ZCTA5 10801,40674,1069
8600000US10803,10803,ZCTA5 10803,12470,171
8600000US10804,10804,ZCTA5 10804,15069,769
8600000US10805,10805,ZCTA5 10805,17758,789
8600000US10901,10901,ZCTA5 10901,23337,899
8600000US10910,10910,ZCTA5 10910,0,12
8600000US10911,10911,ZCTA5 10911,0,12
8600000US10913,10913,ZCTA5 10913,5277,487
8600000US10914,10914,ZCTA5 10914,310,246
8600000US10915,10915,ZCTA5 10915,158,113
8600000US10916,10916,ZCTA5 10916,4468,342
8600000US10917,10917,ZCTA5 10917,1790,330
8600000US10918,10918,ZCTA5 10918,11766,719
8600000US10919,10919,ZCTA5 10919,1312,435
8600000US10920,10920,ZCTA5 10920,8648,477
8600000US10921,10921,ZCTA5 10921,4094,317
8600000US10922,10922,ZCTA5 10922,1165,241
8600000US10923,10923,ZCTA5 10923,8736,732
8600000US10924,10924,ZCTA5 10924,12913,438
8600000US10925,10925,ZCTA5 10925,4302,316
8600000US10926,10926,ZCTA5 10926,2958,476
8600000US10927,10927,ZCTA5 10927,11843,34
8600000US10928,10928,ZCTA5 10928,4035,96
8600000US10930,10930,ZCTA5 10930,9029,429
8600000US10931,10931,ZCTA5 10931,988,153
8600000US10932,10932,ZCTA5 10932,142,119
8600000US10933,10933,ZCTA5 10933,553,324
8600000US10940,10940,ZCTA5 10940,48209,1020
8600000US10941,10941,ZCTA5 10941,14006,757
8600000US10950,10950,ZCTA5 10950,47742,877
8600000US10952,10952,ZCTA5 10952,39271,1296
8600000US10953,10953,ZCTA5 10953,133,84
8600000US10954,10954,ZCTA5 10954,22908,1088
8600000US10956,10956,ZCTA5 10956,31426,892
8600000US10958,10958,ZCTA5 10958,3187,592
8600000US10960,10960,ZCTA5 10960,15545,455
8600000US10962,10962,ZCTA5 10962,5995,713
8600000US10963,10963,ZCTA5 10963,3889,462
8600000US10964,10964,ZCTA5 10964,1598,336
8600000US10965,10965,ZCTA5 10965,14799,650
8600000US10968,10968,ZCTA5 10968,2194,208
8600000US10969,10969,ZCTA5 10969,1534,511
8600000US10970,10970,ZCTA5 10970,9164,763
8600000US10973,10973,ZCTA5 10973,2462,547
8600000US10974,10974,ZCTA5 10974,3141,64
8600000US10975,10975,ZCTA5 10975,305,110
8600000US10976,10976,ZCTA5 10976,2179,412
8600000US10977,10977,ZCTA5 10977,59133,1321
8600000US10979,10979,ZCTA5 10979,137,114
8600000US10980,10980,ZCTA5 10980,13620,329
8600000US10983,10983,ZCTA5 10983,5522,465
8600000US10984,10984,ZCTA5 10984,3485,388
8600000US10985,10985,ZCTA5 10985,90,92
8600000US10986,10986,ZCTA5 10986,1923,296
8600000US10987,10987,ZCTA5 10987,3320,113
8600000US10988,10988,ZCTA5 10988,983,341
8600000US10989,10989,ZCTA5 10989,9757,590
8600000US10990,10990,ZCTA5 10990,20526,651
8600000US10992,10992,ZCTA5 10992,9716,589
8600000US10993,10993,ZCTA5 10993,4559,481
8600000US10994,10994,ZCTA5 10994,6963,591
8600000US10996,10996,ZCTA5 10996,7286,242
8600000US10998,10998,ZCTA5 10998,2818,366
8600000US11001,11001,ZCTA5 11001,27104,815
8600000US11003,11003,ZCTA5 11003,44016,1811
8600000US11004,11004,ZCTA5 11004,14178,1098
8600000US11005,11005,ZCTA5 11005,1963,180
8600000US11010,11010,ZCTA5 11010,23800,826
8600000US11020,11020,ZCTA5 11020,6139,890
8600000US11021,11021,ZCTA5 11021,17449,496
8600000US11023,11023,ZCTA5 11023,9400,564
8600000US11024,11024,ZCTA5 11024,7784,426
8600000US11030,11030,ZCTA5 11030,17854,595
8600000US11040,11040,ZCTA5 11040,40005,967
8600000US11042,11042,ZCTA5 11042,541,226
8600000US11050,11050,ZCTA5 11050,30397,830
8600000US11096,11096,ZCTA5 11096,8091,790
8600000US11101,11101,ZCTA5 11101,24405,1413
8600000US11102,11102,ZCTA5 11102,33742,1306
8600000US11103,11103,ZCTA5 11103,36724,1143
8600000US11104,11104,ZCTA5 11104,26321,1314
8600000US11105,11105,ZCTA5 11105,37438,1402
8600000US11106,11106,ZCTA5 11106,36958,1587
8600000US11109,11109,ZCTA5 11109,3272,340
8600000US11201,11201,ZCTA5 11201,52242,1606
8600000US11203,11203,ZCTA5 11203,80202,2198
8600000US11204,11204,ZCTA5 11204,80341,2286
8600000US11205,11205,ZCTA5 11205,40125,1523
8600000US11206,11206,ZCTA5 11206,80086,2311
8600000US11207,11207,ZCTA5 11207,92054,2517
8600000US11208,11208,ZCTA5 11208,93998,2280
8600000US11209,11209,ZCTA5 11209,72434,2216
8600000US11210,11210,ZCTA5 11210,64041,1885
8600000US11211,11211,ZCTA5 11211,90510,2479
8600000US11212,11212,ZCTA5 11212,81267,2256
8600000US11213,11213,ZCTA5 11213,61495,1554
8600000US11214,11214,ZCTA5 11214,81428,1991
8600000US11215,11215,ZCTA5 11215,67195,1603
8600000US11216,11216,ZCTA5 11216,53662,2022
8600000US11217,11217,ZCTA5 11217,38398,1408
8600000US11218,11218,ZCTA5 11218,74571,2087
8600000US11219,11219,ZCTA5 11219,95069,2709
8600000US11220,11220,ZCTA5 11220,100476,2570
8600000US11221,11221,ZCTA5 11221,80254,2434
8600000US11222,11222,ZCTA5 11222,33718,1296
8600000US11223,11223,ZCTA5 11223,74700,1945
8600000US11224,11224,ZCTA5 11224,44047,1380
8600000US11225,11225,ZCTA5 11225,60179,2244
8600000US11226,11226,ZCTA5 11226,99285,2944
8600000US11228,11228,ZCTA5 11228,43396,1387
8600000US11229,11229,ZCTA5 11229,79268,2010
8600000US11230,11230,ZCTA5 11230,84707,2221
8600000US11231,11231,ZCTA5 11231,34393,1449
8600000US11232,11232,ZCTA5 11232,28703,1305
8600000US11233,11233,ZCTA5 11233,67661,1733
8600000US11234,11234,ZCTA5 11234,95390,2441
8600000US11235,11235,ZCTA5 11235,72447,2076
8600000US11236,11236,ZCTA5 11236,97084,2489
8600000US11237,11237,ZCTA5 11237,53031,1798
8600000US11238,11238,ZCTA5 11238,52033,1554
8600000US11239,11239,ZCTA5 11239,12850,787
8600000US11351,11351,ZCTA5 11351,0,12
8600000US11354,11354,ZCTA5 11354,55543,1989
8600000US11355,11355,ZCTA5 11355,83938,2261
8600000US11356,11356,ZCTA5 11356,22947,1370
8600000US11357,11357,ZCTA5 11357,40705,1562
8600000US11358,11358,ZCTA5 11358,39143,1541
8600000US11359,11359,ZCTA5 11359,0,12
8600000US11360,11360,ZCTA5 11360,20688,1307
8600000US11361,11361,ZCTA5 11361,29197,1035
8600000US11362,11362,ZCTA5 11362,18220,866
8600000US11363,11363,ZCTA5 11363,7442,528
8600000US11364,11364,ZCTA5 11364,35106,1202
8600000US11365,11365,ZCTA5 11365,41520,1623
8600000US11366,11366,ZCTA5 11366,13593,719
8600000US11367,11367,ZCTA5 11367,39424,1859
8600000US11368,11368,ZCTA5 11368,104486,3230
8600000US11369,11369,ZCTA5 11369,40160,1777
8600000US11370,11370,ZCTA5 11370,37755,1712
8600000US11371,11371,ZCTA5 11371,0,12
8600000US11372,11372,ZCTA5 11372,62857,2046
8600000US11373,11373,ZCTA5 11373,97430,2966
8600000US11374,11374,ZCTA5 11374,42484,1545
8600000US11375,11375,ZCTA5 11375,69745,1804
8600000US11377,11377,ZCTA5 11377,87284,2808
8600000US11378,11378,ZCTA5 11378,32187,1324
8600000US11379,11379,ZCTA5 11379,35680,1266
8600000US11385,11385,ZCTA5 11385,99508,2450
8600000US11411,11411,ZCTA5 11411,19357,806
8600000US11412,11412,ZCTA5 11412,36660,1313
8600000US11413,11413,ZCTA5 11413,39291,1560
8600000US11414,11414,ZCTA5 11414,28769,1092
8600000US11415,11415,ZCTA5 11415,19464,1059
8600000US11416,11416,ZCTA5 11416,24977,1158
8600000US11417,11417,ZCTA5 11417,30325,1328
8600000US11418,11418,ZCTA5 11418,36821,1708
8600000US11419,11419,ZCTA5 11419,48119,1773
8600000US11420,11420,ZCTA5 11420,48226,1538
8600000US11421,11421,ZCTA5 11421,41872,1373
8600000US11422,11422,ZCTA5 11422,33116,1657
8600000US11423,11423,ZCTA5 11423,31425,1310
8600000US11424,11424,ZCTA5 11424,0,12
8600000US11425,11425,ZCTA5 11425,0,12
8600000US11426,11426,ZCTA5 11426,18847,1080
8600000US11427,11427,ZCTA5 11427,24601,1089
8600000US11428,11428,ZCTA5 11428,19784,938
8600000US11429,11429,ZCTA5 11429,28571,1420
8600000US11430,11430,ZCTA5 11430,101,108
8600000US11432,11432,ZCTA5 11432,58705,1803
8600000US11433,11433,ZCTA5 11433,30851,1578
8600000US11434,11434,ZCTA5 11434,61853,2151
8600000US11435,11435,ZCTA5 11435,52288,1884
8600000US11436,11436,ZCTA5 11436,17316,1013
8600000US11451,11451,ZCTA5 11451,0,12
8600000US11501,11501,ZCTA5 11501,18982,168
8600000US11507,11507,ZCTA5 11507,7215,644
8600000US11509,11509,ZCTA5 11509,2159,276
8600000US11510,11510,ZCTA5 11510,33152,981
8600000US11514,11514,ZCTA5 11514,5332,354
8600000US11516,11516,ZCTA5 11516,7486,494
8600000US11518,11518,ZCTA5 11518,10307,589
8600000US11520,11520,ZCTA5 11520,43246,170
8600000US11530,11530,ZCTA5 11530,27982,506
8600000US11542,11542,ZCTA5 11542,27530,236
8600000US11545,11545,ZCTA5 11545,13070,520
8600000US11547,11547,ZCTA5 11547,655,217
8600000US11548,11548,ZCTA5 11548,2347,370
8600000US11549,11549,ZCTA5 11549,2567,347
8600000US11550,11550,ZCTA5 11550,56347,344
8600000US11552,11552,ZCTA5 11552,22872,996
8600000US11553,11553,ZCTA5 11553,26430,1047
8600000US11554,11554,ZCTA5 11554,38126,1339
8600000US11556,11556,ZCTA5 11556,0,12
8600000US11557,11557,ZCTA5 11557,7214,721
8600000US11558,11558,ZCTA5 11558,8456,309
8600000US11559,11559,ZCTA5 11559,8020,397
8600000US11560,11560,ZCTA5 11560,6628,419
8600000US11561,11561,ZCTA5 11561,37881,382
8600000US11563,11563,ZCTA5 11563,22953,634
8600000US11565,11565,ZCTA5 11565,8779,249
8600000US11566,11566,ZCTA5 11566,33980,807
8600000US11568,11568,ZCTA5 11568,3858,180
8600000US11569,11569,ZCTA5 11569,1225,254
8600000US11570,11570,ZCTA5 11570,26870,657
8600000US11572,11572,ZCTA5 11572,29540,803
8600000US11575,11575,ZCTA5 11575,16408,976
8600000US11576,11576,ZCTA5 11576,12060,686
8600000US11577,11577,ZCTA5 11577,12511,703
8600000US11579,11579,ZCTA5 11579,5265,361
8600000US11580,11580,ZCTA5 11580,40500,1067
8600000US11581,11581,ZCTA5 11581,20553,799
8600000US11590,11590,ZCTA5 11590,44977,1285
8600000US11596,11596,ZCTA5 11596,10517,253
8600000US11598,11598,ZCTA5 11598,12972,770
8600000US11691,11691,ZCTA5 11691,61442,2652
8600000US11692,11692,ZCTA5 11692,16870,1031
8600000US11693,11693,ZCTA5 11693,11415,737
8600000US11694,11694,ZCTA5 11694,21281,1142
8600000US11697,11697,ZCTA5 11697,4344,362
8600000US11701,11701,ZCTA5 11701,26349,1256
8600000US11702,11702,ZCTA5 11702,15255,500
8600000US11703,11703,ZCTA5 11703,16075,772
8600000US11704,11704,ZCTA5 11704,40968,972
8600000US11705,11705,ZCTA5 11705,7859,404
8600000US11706,11706,ZCTA5 11706,66314,1990
8600000US11709,11709,ZCTA5 11709,6690,21
8600000US11710,11710,ZCTA5 11710,34467,792
8600000US11713,11713,ZCTA5 11713,9648,793
8600000US11714,11714,ZCTA5 11714,23447,1047
8600000US11715,11715,ZCTA5 11715,4417,349
8600000US11716,11716,ZCTA5 11716,10953,584
8600000US11717,11717,ZCTA5 11717,57011,1640
8600000US11718,11718,ZCTA5 11718,3122,38
8600000US11719,11719,ZCTA5 11719,2940,556
8600000US11720,11720,ZCTA5 11720,29603,1239
8600000US11721,11721,ZCTA5 11721,6503,438
8600000US11722,11722,ZCTA5 11722,38140,1793
8600000US11724,11724,ZCTA5 11724,2616,390
8600000US11725,11725,ZCTA5 11725,29199,694
8600000US11726,11726,ZCTA5 11726,19600,1263
8600000US11727,11727,ZCTA5 11727,28126,1090
8600000US11729,11729,ZCTA5 11729,28149,1073
8600000US11730,11730,ZCTA5 11730,14126,653
8600000US11731,11731,ZCTA5 11731,29959,731
8600000US11732,11732,ZCTA5 11732,3443,329
8600000US11733,11733,ZCTA5 11733,18236,828
8600000US11735,11735,ZCTA5 11735,32221,741
8600000US11738,11738,ZCTA5 11738,18559,1007
8600000US11739,11739,ZCTA5 11739,1473,213
8600000US11740,11740,ZCTA5 11740,9478,588
8600000US11741,11741,ZCTA5 11741,27747,928
8600000US11742,11742,ZCTA5 11742,12979,765
8600000US11743,11743,ZCTA5 11743,42887,1238
8600000US11746,11746,ZCTA5 11746,67290,1259
8600000US11747,11747,ZCTA5 11747,19806,832
8600000US11749,11749,ZCTA5 11749,3406,138
8600000US11751,11751,ZCTA5 11751,14152,785
8600000US11752,11752,ZCTA5 11752,9184,496
8600000US11753,11753,ZCTA5 11753,11786,678
8600000US11754,11754,ZCTA5 11754,19368,867
8600000US11755,11755,ZCTA5 11755,12263,277
8600000US11756,11756,ZCTA5 11756,43510,1287
8600000US11757,11757,ZCTA5 11757,45623,824
8600000US11758,11758,ZCTA5 11758,54795,1186
8600000US11762,11762,ZCTA5 11762,22326,488
8600000US11763,11763,ZCTA5 11763,30422,1166
8600000US11764,11764,ZCTA5 11764,13280,833
8600000US11765,11765,ZCTA5 11765,586,106
8600000US11766,11766,ZCTA5 11766,11976,652
8600000US11767,11767,ZCTA5 11767,15081,907
8600000US11768,11768,ZCTA5 11768,21808,659
8600000US11769,11769,ZCTA5 11769,8673,518
8600000US11770,11770,ZCTA5 11770,235,122
8600000US11771,11771,ZCTA5 11771,9449,590
8600000US11772,11772,ZCTA5 11772,45435,1110
8600000US11776,11776,ZCTA5 11776,26308,1079
8600000US11777,11777,ZCTA5 11777,9453,415
8600000US11778,11778,ZCTA5 11778,12354,635
8600000US11779,11779,ZCTA5 11779,39176,1241
8600000US11780,11780,ZCTA5 11780,14733,693
8600000US11782,11782,ZCTA5 11782,15200,515
8600000US11783,11783,ZCTA5 11783,21131,895
8600000US11784,11784,ZCTA5 11784,25611,1153
8600000US11786,11786,ZCTA5 11786,6273,487
8600000US11787,11787,ZCTA5 11787,35969,1090
8600000US11788,11788,ZCTA5 11788,16333,716
8600000US11789,11789,ZCTA5 11789,7506,645
8600000US11790,11790,ZCTA5 11790,17672,787
8600000US11791,11791,ZCTA5 11791,25240,743
8600000US11792,11792,ZCTA5 11792,9309,686
8600000US11793,11793,ZCTA5 11793,31898,1092
8600000US11794,11794,ZCTA5 11794,3150,325
8600000US11795,11795,ZCTA5 11795,25709,866
8600000US11796,11796,ZCTA5 11796,3758,310
8600000US11797,11797,ZCTA5 11797,8789,443
8600000US11798,11798,ZCTA5 11798,15025,934
8600000US11801,11801,ZCTA5 11801,38777,1110
8600000US11803,11803,ZCTA5 11803,28133,555
8600000US11804,11804,ZCTA5 11804,4973,267
8600000US11901,11901,ZCTA5 11901,27934,1554
8600000US11930,11930,ZCTA5 11930,1255,305
8600000US11931,11931,ZCTA5 11931,21,34
8600000US11932,11932,ZCTA5 11932,895,256
8600000US11933,11933,ZCTA5 11933,7530,1058
8600000US11934,11934,ZCTA5 11934,7751,817
8600000US11935,11935,ZCTA5 11935,3332,467
8600000US11937,11937,ZCTA5 11937,15511,648
8600000US11939,11939,ZCTA5 11939,1197,228
8600000US11940,11940,ZCTA5 11940,4933,403
8600000US11941,11941,ZCTA5 11941,1822,398
8600000US11942,11942,ZCTA5 11942,4597,585
8600000US11944,11944,ZCTA5 11944,4286,404
8600000US11946,11946,ZCTA5 11946,13997,1048
8600000US11947,11947,ZCTA5 11947,150,127
8600000US11948,11948,ZCTA5 11948,995,357
8600000US11949,11949,ZCTA5 11949,13539,874
8600000US11950,11950,ZCTA5 11950,16394,1269
8600000US11951,11951,ZCTA5 11951,13110,910
8600000US11952,11952,ZCTA5 11952,4411,424
8600000US11953,11953,ZCTA5 11953,12258,716
8600000US11954,11954,ZCTA5 11954,3559,519
8600000US11955,11955,ZCTA5 11955,2814,449
8600000US11956,11956,ZCTA5 11956,313,91
8600000US11957,11957,ZCTA5 11957,661,177
8600000US11958,11958,ZCTA5 11958,441,206
8600000US11959,11959,ZCTA5 11959,677,170
8600000US11960,11960,ZCTA5 11960,878,213
8600000US11961,11961,ZCTA5 11961,11811,548
8600000US11962,11962,ZCTA5 11962,447,285
8600000US11963,11963,ZCTA5 11963,6737,888
8600000US11964,11964,ZCTA5 11964,1960,311
8600000US11965,11965,ZCTA5 11965,664,252
8600000US11967,11967,ZCTA5 11967,26818,1236
8600000US11968,11968,ZCTA5 11968,11658,740
8600000US11970,11970,ZCTA5 11970,600,368
8600000US11971,11971,ZCTA5 11971,6057,530
8600000US11972,11972,ZCTA5 11972,900,271
8600000US11973,11973,ZCTA5 11973,26,26
8600000US11975,11975,ZCTA5 11975,330,139
8600000US11976,11976,ZCTA5 11976,1870,353
8600000US11977,11977,ZCTA5 11977,2568,429
8600000US11978,11978,ZCTA5 11978,3150,372
8600000US11980,11980,ZCTA5 11980,4878,416
8600000US12007,12007,ZCTA5 12007,88,80
8600000US12008,12008,ZCTA5 12008,544,158
8600000US12009,12009,ZCTA5 12009,7469,512
8600000US12010,12010,ZCTA5 12010,28711,583
8600000US12015,12015,ZCTA5 12015,3062,326
8600000US12017,12017,ZCTA5 12017,310,103
8600000US12018,12018,ZCTA5 12018,7353,751
8600000US12019,12019,ZCTA5 12019,15125,700
8600000US12020,12020,ZCTA5 12020,30796,835
8600000US12022,12022,ZCTA5 12022,964,167
8600000US12023,12023,ZCTA5 12023,2262,276
8600000US12024,12024,ZCTA5 12024,103,132
8600000US12025,12025,ZCTA5 12025,5635,320
8600000US12027,12027,ZCTA5 12027,3610,280
8600000US12028,12028,ZCTA5 12028,1437,430
8600000US12029,12029,ZCTA5 12029,1196,154
8600000US12031,12031,ZCTA5 12031,139,59
8600000US12032,12032,ZCTA5 12032,811,159
8600000US12033,12033,ZCTA5 12033,8226,456
8600000US12035,12035,ZCTA5 12035,732,227
8600000US12036,12036,ZCTA5 12036,164,90
8600000US12037,12037,ZCTA5 12037,4344,470
8600000US12040,12040,ZCTA5 12040,81,44
8600000US12041,12041,ZCTA5 12041,359,156
8600000US12042,12042,ZCTA5 12042,370,217
8600000US12043,12043,ZCTA5 12043,8443,395
8600000US12045,12045,ZCTA5 12045,539,274
8600000US12046,12046,ZCTA5 12046,891,189
8600000US12047,12047,ZCTA5 12047,19590,451
8600000US12051,12051,ZCTA5 12051,7291,344
8600000US12052,12052,ZCTA5 12052,1297,200
8600000US12053,12053,ZCTA5 12053,3825,457
8600000US12054,12054,ZCTA5 12054,16934,685
8600000US12056,12056,ZCTA5 12056,2538,380
8600000US12057,12057,ZCTA5 12057,2059,295
8600000US12058,12058,ZCTA5 12058,1218,333
8600000US12059,12059,ZCTA5 12059,1495,253
8600000US12060,12060,ZCTA5 12060,1372,255
8600000US12061,12061,ZCTA5 12061,9774,679
8600000US12062,12062,ZCTA5 12062,1555,276
8600000US12063,12063,ZCTA5 12063,441,175
8600000US12064,12064,ZCTA5 12064,481,134
8600000US12065,12065,ZCTA5 12065,41720,882
8600000US12066,12066,ZCTA5 12066,2795,489
8600000US12067,12067,ZCTA5 12067,1514,320
8600000US12068,12068,ZCTA5 12068,3229,334
8600000US12069,12069,ZCTA5 12069,284,185
8600000US12070,12070,ZCTA5 12070,1619,313
8600000US12071,12071,ZCTA5 12071,230,102
8600000US12072,12072,ZCTA5 12072,2778,201
8600000US12074,12074,ZCTA5 12074,2896,254
8600000US12075,12075,ZCTA5 12075,2862,410
8600000US12076,12076,ZCTA5 12076,1458,187
8600000US12077,12077,ZCTA5 12077,6148,601
8600000US12078,12078,ZCTA5 12078,23634,531
8600000US12083,12083,ZCTA5 12083,3670,433
8600000US12084,12084,ZCTA5 12084,4361,455
8600000US12085,12085,ZCTA5 12085,492,193
8600000US12086,12086,ZCTA5 12086,1560,265
8600000US12087,12087,ZCTA5 12087,1037,309
8600000US12089,12089,ZCTA5 12089,78,90
8600000US12090,12090,ZCTA5 12090,5894,385
8600000US12092,12092,ZCTA5 12092,896,268
8600000US12093,12093,ZCTA5 12093,1755,249
8600000US12094,12094,ZCTA5 12094,1841,394
8600000US12095,12095,ZCTA5 12095,12504,546
8600000US12106,12106,ZCTA5 12106,2321,314
8600000US12108,12108,ZCTA5 12108,290,73
8600000US12110,12110,ZCTA5 12110,21331,817
8600000US12115,12115,ZCTA5 12115,242,105
8600000US12116,12116,ZCTA5 12116,1765,254
8600000US12117,12117,ZCTA5 12117,3405,368
8600000US12118,12118,ZCTA5 12118,14632,910
8600000US12120,12120,ZCTA5 12120,813,229
8600000US12121,12121,ZCTA5 12121,1976,343
8600000US12122,12122,ZCTA5 12122,4491,335
8600000US12123,12123,ZCTA5 12123,5103,566
8600000US12124,12124,ZCTA5 12124,627,244
8600000US12125,12125,ZCTA5 12125,1427,273
8600000US12130,12130,ZCTA5 12130,1254,441
8600000US12131,12131,ZCTA5 12131,89,49
8600000US12132,12132,ZCTA5 12132,196,103
8600000US12134,12134,ZCTA5 12134,3631,257
8600000US12136,12136,ZCTA5 12136,663,173
8600000US12137,12137,ZCTA5 12137,1549,312
8600000US12138,12138,ZCTA5 12138,3286,261
8600000US12139,12139,ZCTA5 12139,151,50
8600000US12140,12140,ZCTA5 12140,1777,290
8600000US12143,12143,ZCTA5 12143,5067,312
8600000US12144,12144,ZCTA5 12144,19941,647
8600000US12147,12147,ZCTA5 12147,472,147
8600000US12148,12148,ZCTA5 12148,4384,442
8600000US12149,12149,ZCTA5 12149,2480,195
8600000US12150,12150,ZCTA5 12150,736,218
8600000US12151,12151,ZCTA5 12151,559,122
8600000US12153,12153,ZCTA5 12153,1189,356
8600000US12154,12154,ZCTA5 12154,2658,347
8600000US12155,12155,ZCTA5 12155,2150,238
8600000US12156,12156,ZCTA5 12156,796,290
8600000US12157,12157,ZCTA5 12157,4638,373
8600000US12158,12158,ZCTA5 12158,6354,594
8600000US12159,12159,ZCTA5 12159,7882,797
8600000US12160,12160,ZCTA5 12160,953,186
8600000US12161,12161,ZCTA5 12161,302,243
8600000US12164,12164,ZCTA5 12164,313,71
8600000US12165,12165,ZCTA5 12165,160,53
8600000US12166,12166,ZCTA5 12166,1353,160
8600000US12167,12167,ZCTA5 12167,2580,291
8600000US12168,12168,ZCTA5 12168,1929,347
8600000US12169,12169,ZCTA5 12169,246,132
8600000US12170,12170,ZCTA5 12170,5073,517
8600000US12172,12172,ZCTA5 12172,249,152
8600000US12173,12173,ZCTA5 12173,1710,287
8600000US12174,12174,ZCTA5 12174,255,143
8600000US12175,12175,ZCTA5 12175,895,192
8600000US12176,12176,ZCTA5 12176,419,336
8600000US12177,12177,ZCTA5 12177,505,187
8600000US12180,12180,ZCTA5 12180,54011,870
8600000US12182,12182,ZCTA5 12182,14534,865
8600000US12183,12183,ZCTA5 12183,2603,19
8600000US12184,12184,ZCTA5 12184,6897,504
8600000US12185,12185,ZCTA5 12185,2485,453
8600000US12186,12186,ZCTA5 12186,6331,374
8600000US12187,12187,ZCTA5 12187,420,130
8600000US12188,12188,ZCTA5 12188,11126,488
8600000US12189,12189,ZCTA5 12189,17365,612
8600000US12190,12190,ZCTA5 12190,663,121
8600000US12192,12192,ZCTA5 12192,1875,414
8600000US12193,12193,ZCTA5 12193,1753,226
8600000US12194,12194,ZCTA5 12194,147,52
8600000US12195,12195,ZCTA5 12195,194,109
8600000US12196,12196,ZCTA5 12196,3373,504
8600000US12197,12197,ZCTA5 12197,2431,324
8600000US12198,12198,ZCTA5 12198,7700,513
8600000US12202,12202,ZCTA5 12202,9079,927
8600000US12203,12203,ZCTA5 12203,30078,1034
8600000US12204,12204,ZCTA5 12204,7205,390
8600000US12205,12205,ZCTA5 12205,27575,795
8600000US12206,12206,ZCTA5 12206,17170,1145
8600000US12207,12207,ZCTA5 12207,1792,405
8600000US12208,12208,ZCTA5 12208,21398,1057
8600000US12209,12209,ZCTA5 12209,10830,902
8600000US12210,12210,ZCTA5 12210,8992,838
8600000US12211,12211,ZCTA5 12211,11840,780
8600000US12222,12222,ZCTA5 12222,5995,696
8600000US12302,12302,ZCTA5 12302,27672,305
8600000US12303,12303,ZCTA5 12303,30294,1032
8600000US12304,12304,ZCTA5 12304,21600,927
8600000US12305,12305,ZCTA5 12305,5090,572
8600000US12306,12306,ZCTA5 12306,26371,687
8600000US12307,12307,ZCTA5 12307,7018,999
8600000US12308,12308,ZCTA5 12308,14749,955
8600000US12309,12309,ZCTA5 12309,29656,630
8600000US12401,12401,ZCTA5 12401,35043,653
8600000US12404,12404,ZCTA5 12404,3127,461
8600000US12405,12405,ZCTA5 12405,451,209
8600000US12406,12406,ZCTA5 12406,635,188
8600000US12407,12407,ZCTA5 12407,165,76
8600000US12409,12409,ZCTA5 12409,500,188
8600000US12410,12410,ZCTA5 12410,558,215
8600000US12411,12411,ZCTA5 12411,436,175
8600000US12412,12412,ZCTA5 12412,522,191
8600000US12413,12413,ZCTA5 12413,2912,495
8600000US12414,12414,ZCTA5 12414,10498,506
8600000US12416,12416,ZCTA5 12416,339,152
8600000US12417,12417,ZCTA5 12417,652,320
8600000US12418,12418,ZCTA5 12418,319,114
8600000US12419,12419,ZCTA5 12419,451,185
8600000US12420,12420,ZCTA5 12420,506,220
8600000US12421,12421,ZCTA5 12421,528,231
8600000US12422,12422,ZCTA5 12422,276,140
8600000US12423,12423,ZCTA5 12423,1224,224
8600000US12424,12424,ZCTA5 12424,295,105
8600000US12427,12427,ZCTA5 12427,531,276
8600000US12428,12428,ZCTA5 12428,6541,345
8600000US12429,12429,ZCTA5 12429,360,290
8600000US12430,12430,ZCTA5 12430,1110,272
8600000US12431,12431,ZCTA5 12431,1466,404
8600000US12432,12432,ZCTA5 12432,491,216
8600000US12433,12433,ZCTA5 12433,441,268
8600000US12434,12434,ZCTA5 12434,595,171
8600000US12435,12435,ZCTA5 12435,280,152
8600000US12436,12436,ZCTA5 12436,491,159
8600000US12438,12438,ZCTA5 12438,34,20
8600000US12439,12439,ZCTA5 12439,154,66
8600000US12440,12440,ZCTA5 12440,2157,494
8600000US12441,12441,ZCTA5 12441,76,68
8600000US12442,12442,ZCTA5 12442,801,195
8600000US12443,12443,ZCTA5 12443,3643,365
8600000US12444,12444,ZCTA5 12444,523,182
8600000US12446,12446,ZCTA5 12446,5004,514
8600000US12448,12448,ZCTA5 12448,488,230
8600000US12449,12449,ZCTA5 12449,3262,357
8600000US12450,12450,ZCTA5 12450,347,188
8600000US12451,12451,ZCTA5 12451,1960,508
8600000US12452,12452,ZCTA5 12452,291,105
8600000US12453,12453,ZCTA5 12453,390,220
8600000US12454,12454,ZCTA5 12454,202,93
8600000US12455,12455,ZCTA5 12455,2077,309
8600000US12456,12456,ZCTA5 12456,797,377
8600000US12457,12457,ZCTA5 12457,1000,243
8600000US12458,12458,ZCTA5 12458,3400,417
8600000US12459,12459,ZCTA5 12459,136,114
8600000US12460,12460,ZCTA5 12460,278,153
8600000US12461,12461,ZCTA5 12461,1949,369
8600000US12463,12463,ZCTA5 12463,1049,259
8600000US12464,12464,ZCTA5 12464,808,235
8600000US12465,12465,ZCTA5 12465,154,73
8600000US12466,12466,ZCTA5 12466,2365,311
8600000US12468,12468,ZCTA5 12468,1018,214
8600000US12469,12469,ZCTA5 12469,683,159
8600000US12470,12470,ZCTA5 12470,826,429
8600000US12471,12471,ZCTA5 12471,694,433
8600000US12472,12472,ZCTA5 12472,1645,352
8600000US12473,12473,ZCTA5 12473,959,389
8600000US12474,12474,ZCTA5 12474,1464,354
8600000US12475,12475,ZCTA5 12475,424,225
8600000US12477,12477,ZCTA5 12477,18695,590
8600000US12480,12480,ZCTA5 12480,580,173
8600000US12481,12481,ZCTA5 12481,1058,291
8600000US12482,12482,ZCTA5 12482,702,422
8600000US12483,12483,ZCTA5 12483,405,201
8600000US12484,12484,ZCTA5 12484,3203,375
8600000US12485,12485,ZCTA5 12485,731,232
8600000US12486,12486,ZCTA5 12486,1595,237
8600000US12487,12487,ZCTA5 12487,3153,456
8600000US12489,12489,ZCTA5 12489,877,203
8600000US12490,12490,ZCTA5 12490,58,98
8600000US12491,12491,ZCTA5 12491,1937,319
8600000US12492,12492,ZCTA5 12492,336,101
8600000US12493,12493,ZCTA5 12493,263,164
8600000US12494,12494,ZCTA5 12494,942,383
8600000US12495,12495,ZCTA5 12495,158,91
8600000US12496,12496,ZCTA5 12496,1765,282
8600000US12498,12498,ZCTA5 12498,5197,366
8600000US12501,12501,ZCTA5 12501,2476,387
8600000US12502,12502,ZCTA5 12502,1005,227
8600000US12503,12503,ZCTA5 12503,781,120
8600000US12504,12504,ZCTA5 12504,1224,163
8600000US12507,12507,ZCTA5 12507,153,86
8600000US12508,12508,ZCTA5 12508,20459,520
8600000US12512,12512,ZCTA5 12512,186,123
8600000US12513,12513,ZCTA5 12513,561,222
8600000US12514,12514,ZCTA5 12514,2690,493
8600000US12515,12515,ZCTA5 12515,1209,254
8600000US12516,12516,ZCTA5 12516,2023,306
8600000US12517,12517,ZCTA5 12517,691,266
8600000US12518,12518,ZCTA5 12518,5856,384
8600000US12520,12520,ZCTA5 12520,3110,94
8600000US12521,12521,ZCTA5 12521,1525,337
8600000US12522,12522,ZCTA5 12522,5081,513
8600000US12523,12523,ZCTA5 12523,1751,263
8600000US12524,12524,ZCTA5 12524,14758,626
8600000US12525,12525,ZCTA5 12525,2967,467
8600000US12526,12526,ZCTA5 12526,3579,301
8600000US12527,12527,ZCTA5 12527,337,147
8600000US12528,12528,ZCTA5 12528,12875,503
8600000US12529,12529,ZCTA5 12529,2714,305
8600000US12530,12530,ZCTA5 12530,10,15
8600000US12531,12531,ZCTA5 12531,3217,546
8600000US12533,12533,ZCTA5 12533,26083,856
8600000US12534,12534,ZCTA5 12534,18560,575
8600000US12538,12538,ZCTA5 12538,13885,668
8600000US12540,12540,ZCTA5 12540,8221,769
8600000US12542,12542,ZCTA5 12542,6234,466
8600000US12543,12543,ZCTA5 12543,2974,55
8600000US12545,12545,ZCTA5 12545,4640,286
8600000US12546,12546,ZCTA5 12546,2992,204
8600000US12547,12547,ZCTA5 12547,2698,433
8600000US12548,12548,ZCTA5 12548,1601,433
8600000US12549,12549,ZCTA5 12549,10113,848
8600000US12550,12550,ZCTA5 12550,55405,640
8600000US12553,12553,ZCTA5 12553,25156,577
8600000US12561,12561,ZCTA5 12561,18087,549
8600000US12563,12563,ZCTA5 12563,7748,571
8600000US12564,12564,ZCTA5 12564,7567,374
8600000US12565,12565,ZCTA5 12565,1338,297
8600000US12566,12566,ZCTA5 12566,11004,1017
8600000US12567,12567,ZCTA5 12567,2667,220
8600000US12569,12569,ZCTA5 12569,9526,406
8600000US12570,12570,ZCTA5 12570,7375,499
8600000US12571,12571,ZCTA5 12571,10486,452
8600000US12572,12572,ZCTA5 12572,9085,414
8600000US12574,12574,ZCTA5 12574,365,124
8600000US12575,12575,ZCTA5 12575,2127,464
8600000US12577,12577,ZCTA5 12577,1364,361
8600000US12578,12578,ZCTA5 12578,2737,349
8600000US12580,12580,ZCTA5 12580,4872,552
8600000US12581,12581,ZCTA5 12581,2325,335
8600000US12582,12582,ZCTA5 12582,6201,568
8600000US12583,12583,ZCTA5 12583,2471,344
8600000US12585,12585,ZCTA5 12585,686,269
8600000US12586,12586,ZCTA5 12586,12520,741
8600000US12589,12589,ZCTA5 12589,17873,1017
8600000US12590,12590,ZCTA5 12590,34368,900
8600000US12592,12592,ZCTA5 12592,1524,322
8600000US12594,12594,ZCTA5 12594,4287,517
8600000US12601,12601,ZCTA5 12601,43400,1059
8600000US12603,12603,ZCTA5 12603,43043,1383
8600000US12604,12604,ZCTA5 12604,746,441
8600000US12701,12701,ZCTA5 12701,10740,400
8600000US12719,12719,ZCTA5 12719,1275,273
8600000US12720,12720,ZCTA5 12720,77,79
8600000US12721,12721,ZCTA5 12721,5973,680
8600000US12722,12722,ZCTA5 12722,113,131
8600000US12723,12723,ZCTA5 12723,2195,226
8600000US12724,12724,ZCTA5 12724,264,152
8600000US12725,12725,ZCTA5 12725,237,93
8600000US12726,12726,ZCTA5 12726,986,171
8600000US12729,12729,ZCTA5 12729,1863,420
8600000US12732,12732,ZCTA5 12732,551,195
8600000US12733,12733,ZCTA5 12733,1335,281
8600000US12734,12734,ZCTA5 12734,840,263
8600000US12736,12736,ZCTA5 12736,170,71
8600000US12737,12737,ZCTA5 12737,2181,269
8600000US12738,12738,ZCTA5 12738,515,250
8600000US12740,12740,ZCTA5 12740,1719,368
8600000US12741,12741,ZCTA5 12741,352,92
8600000US12742,12742,ZCTA5 12742,430,171
8600000US12743,12743,ZCTA5 12743,296,204
8600000US12745,12745,ZCTA5 12745,161,102
8600000US12746,12746,ZCTA5 12746,1101,361
8600000US12747,12747,ZCTA5 12747,1633,495
8600000US12748,12748,ZCTA5 12748,1964,305
8600000US12749,12749,ZCTA5 12749,206,162
8600000US12750,12750,ZCTA5 12750,109,85
8600000US12751,12751,ZCTA5 12751,932,315
8600000US12752,12752,ZCTA5 12752,228,89
8600000US12754,12754,ZCTA5 12754,7672,575
8600000US12758,12758,ZCTA5 12758,4074,454
8600000US12759,12759,ZCTA5 12759,2016,586
8600000US12760,12760,ZCTA5 12760,645,200
8600000US12762,12762,ZCTA5 12762,503,213
8600000US12763,12763,ZCTA5 12763,785,283
8600000US12764,12764,ZCTA5 12764,1722,220
8600000US12765,12765,ZCTA5 12765,777,235
8600000US12766,12766,ZCTA5 12766,436,183
8600000US12767,12767,ZCTA5 12767,126,82
8600000US12768,12768,ZCTA5 12768,971,306
8600000US12769,12769,ZCTA5 12769,123,104
8600000US12770,12770,ZCTA5 12770,300,211
8600000US12771,12771,ZCTA5 12771,14639,534
8600000US12775,12775,ZCTA5 12775,2434,362
8600000US12776,12776,ZCTA5 12776,2105,366
8600000US12777,12777,ZCTA5 12777,876,213
8600000US12778,12778,ZCTA5 12778,612,435
8600000US12779,12779,ZCTA5 12779,2310,433
8600000US12780,12780,ZCTA5 12780,2217,418
8600000US12781,12781,ZCTA5 12781,366,241
8600000US12783,12783,ZCTA5 12783,1825,389
8600000US12784,12784,ZCTA5 12784,68,67
8600000US12785,12785,ZCTA5 12785,933,271
8600000US12786,12786,ZCTA5 12786,611,247
8600000US12787,12787,ZCTA5 12787,429,173
8600000US12788,12788,ZCTA5 12788,3285,620
8600000US12789,12789,ZCTA5 12789,1745,335
8600000US12790,12790,ZCTA5 12790,4601,581
8600000US12791,12791,ZCTA5 12791,750,302
8600000US12792,12792,ZCTA5 12792,392,139
8600000US12801,12801,ZCTA5 12801,14696,22
8600000US12803,12803,ZCTA5 12803,7852,367
8600000US12804,12804,ZCTA5 12804,26265,315
8600000US12808,12808,ZCTA5 12808,298,74
8600000US12809,12809,ZCTA5 12809,3576,212
8600000US12810,12810,ZCTA5 12810,584,89
8600000US12811,12811,ZCTA5 12811,236,124
8600000US12812,12812,ZCTA5 12812,152,52
8600000US12814,12814,ZCTA5 12814,1846,246
8600000US12815,12815,ZCTA5 12815,976,148
8600000US12816,12816,ZCTA5 12816,4522,286
8600000US12817,12817,ZCTA5 12817,1984,287
8600000US12819,12819,ZCTA5 12819,463,180
8600000US12821,12821,ZCTA5 12821,2250,262
8600000US12822,12822,ZCTA5 12822,6139,241
8600000US12823,12823,ZCTA5 12823,160,92
8600000US12824,12824,ZCTA5 12824,819,208
8600000US12827,12827,ZCTA5 12827,3951,356
8600000US12828,12828,ZCTA5 12828,9817,647
8600000US12831,12831,ZCTA5 12831,17212,762
8600000US12832,12832,ZCTA5 12832,6716,385
8600000US12833,12833,ZCTA5 12833,4160,369
8600000US12834,12834,ZCTA5 12834,6527,246
8600000US12835,12835,ZCTA5 12835,2446,169
8600000US12836,12836,ZCTA5 12836,574,92
8600000US12837,12837,ZCTA5 12837,979,292
8600000US12838,12838,ZCTA5 12838,450,105
8600000US12839,12839,ZCTA5 12839,13299,307
8600000US12841,12841,ZCTA5 12841,128,56
8600000US12842,12842,ZCTA5 12842,1235,153
8600000US12843,12843,ZCTA5 12843,533,187
8600000US12844,12844,ZCTA5 12844,166,112
8600000US12845,12845,ZCTA5 12845,5033,354
8600000US12846,12846,ZCTA5 12846,3333,67
8600000US12847,12847,ZCTA5 12847,628,114
8600000US12849,12849,ZCTA5 12849,503,327
8600000US12850,12850,ZCTA5 12850,2917,440
8600000US12851,12851,ZCTA5 12851,208,53
8600000US12852,12852,ZCTA5 12852,516,92
8600000US12853,12853,ZCTA5 12853,1457,316
8600000US12855,12855,ZCTA5 12855,157,46
8600000US12856,12856,ZCTA5 12856,48,57
8600000US12857,12857,ZCTA5 12857,486,129
8600000US12858,12858,ZCTA5 12858,76,59
8600000US12859,12859,ZCTA5 12859,2448,417
8600000US12860,12860,ZCTA5 12860,1188,263
8600000US12861,12861,ZCTA5 12861,785,187
8600000US12862,12862,ZCTA5 12862,0,12
8600000US12863,12863,ZCTA5 12863,598,271
8600000US12864,12864,ZCTA5 12864,60,51
8600000US12865,12865,ZCTA5 12865,3538,237
8600000US12866,12866,ZCTA5 12866,36752,852
8600000US12870,12870,ZCTA5 12870,1505,238
8600000US12871,12871,ZCTA5 12871,4269,348
8600000US12872,12872,ZCTA5 12872,77,115
8600000US12873,12873,ZCTA5 12873,684,171
8600000US12874,12874,ZCTA5 12874,155,49
8600000US12878,12878,ZCTA5 12878,838,125
8600000US12883,12883,ZCTA5 12883,5045,20
8600000US12884,12884,ZCTA5 12884,397,105
8600000US12885,12885,ZCTA5 12885,4568,231
8600000US12886,12886,ZCTA5 12886,313,128
8600000US12887,12887,ZCTA5 12887,5600,199
8600000US12901,12901,ZCTA5 12901,33238,716
8600000US12903,12903,ZCTA5 12903,1104,133
8600000US12910,12910,ZCTA5 12910,2234,266
8600000US12911,12911,ZCTA5 12911,35,38
8600000US12912,12912,ZCTA5 12912,2423,380
8600000US12913,12913,ZCTA5 12913,1113,163
8600000US12914,12914,ZCTA5 12914,778,180
8600000US12916,12916,ZCTA5 12916,2252,285
8600000US12917,12917,ZCTA5 12917,1225,143
8600000US12918,12918,ZCTA5 12918,2457,470
8600000US12919,12919,ZCTA5 12919,2808,319
8600000US12920,12920,ZCTA5 12920,2826,255
8600000US12921,12921,ZCTA5 12921,2262,303
8600000US12922,12922,ZCTA5 12922,32,17
8600000US12923,12923,ZCTA5 12923,622,120
8600000US12924,12924,ZCTA5 12924,145,102
8600000US12926,12926,ZCTA5 12926,1866,179
8600000US12927,12927,ZCTA5 12927,192,72
8600000US12928,12928,ZCTA5 12928,2064,279
8600000US12929,12929,ZCTA5 12929,4037,293
8600000US12930,12930,ZCTA5 12930,888,147
8600000US12932,12932,ZCTA5 12932,1407,211
8600000US12933,12933,ZCTA5 12933,12,17
8600000US12934,12934,ZCTA5 12934,1216,149
8600000US12935,12935,ZCTA5 12935,1578,269
8600000US12936,12936,ZCTA5 12936,572,141
8600000US12937,12937,ZCTA5 12937,1386,158
8600000US12939,12939,ZCTA5 12939,203,91
8600000US12941,12941,ZCTA5 12941,1298,302
8600000US12942,12942,ZCTA5 12942,664,149
8600000US12943,12943,ZCTA5 12943,265,81
8600000US12944,12944,ZCTA5 12944,3998,297
8600000US12945,12945,ZCTA5 12945,424,151
8600000US12946,12946,ZCTA5 12946,5337,480
8600000US12950,12950,ZCTA5 12950,872,180
8600000US12952,12952,ZCTA5 12952,342,133
8600000US12953,12953,ZCTA5 12953,16001,255
8600000US12955,12955,ZCTA5 12955,392,118
8600000US12956,12956,ZCTA5 12956,1157,333
8600000US12957,12957,ZCTA5 12957,1677,230
8600000US12958,12958,ZCTA5 12958,1825,263
8600000US12959,12959,ZCTA5 12959,1542,290
8600000US12960,12960,ZCTA5 12960,1263,366
8600000US12961,12961,ZCTA5 12961,198,121
8600000US12962,12962,ZCTA5 12962,5941,601
8600000US12964,12964,ZCTA5 12964,172,91
8600000US12965,12965,ZCTA5 12965,408,88
8600000US12966,12966,ZCTA5 12966,3395,319
8600000US12967,12967,ZCTA5 12967,1065,172
8600000US12969,12969,ZCTA5 12969,500,162
8600000US12970,12970,ZCTA5 12970,1047,187
8600000US12972,12972,ZCTA5 12972,6680,409
8600000US12973,12973,ZCTA5 12973,206,62
8600000US12974,12974,ZCTA5 12974,1513,311
8600000US12975,12975,ZCTA5 12975,260,91
8600000US12976,12976,ZCTA5 12976,96,39
8600000US12977,12977,ZCTA5 12977,1875,438
8600000US12978,12978,ZCTA5 12978,335,148
8600000US12979,12979,ZCTA5 12979,2661,315
8600000US12980,12980,ZCTA5 12980,1188,171
8600000US12981,12981,ZCTA5 12981,2333,273
8600000US12983,12983,ZCTA5 12983,7842,441
8600000US12985,12985,ZCTA5 12985,1001,278
8600000US12986,12986,ZCTA5 12986,6117,73
8600000US12987,12987,ZCTA5 12987,227,99
8600000US12989,12989,ZCTA5 12989,1174,161
8600000US12992,12992,ZCTA5 12992,4534,438
8600000US12993,12993,ZCTA5 12993,1640,262
8600000US12996,12996,ZCTA5 12996,1772,220
8600000US12997,12997,ZCTA5 12997,1145,198
8600000US12998,12998,ZCTA5 12998,690,289
8600000US13020,13020,ZCTA5 13020,170,70
8600000US13021,13021,ZCTA5 13021,39017,491
8600000US13024,13024,ZCTA5 13024,1704,258
8600000US13026,13026,ZCTA5 13026,1723,233
8600000US13027,13027,ZCTA5 13027,31318,748
8600000US13028,13028,ZCTA5 13028,1443,294
8600000US13029,13029,ZCTA5 13029,7202,497
8600000US13030,13030,ZCTA5 13030,3863,467
8600000US13031,13031,ZCTA5 13031,15188,436
8600000US13032,13032,ZCTA5 13032,13694,485
8600000US13033,13033,ZCTA5 13033,4470,397
8600000US13034,13034,ZCTA5 13034,1794,227
8600000US13035,13035,ZCTA5 13035,8490,340
8600000US13036,13036,ZCTA5 13036,8816,568
8600000US13037,13037,ZCTA5 13037,8580,381
8600000US13039,13039,ZCTA5 13039,17361,580
8600000US13040,13040,ZCTA5 13040,2341,206
8600000US13041,13041,ZCTA5 13041,10725,428
8600000US13042,13042,ZCTA5 13042,1981,373
8600000US13044,13044,ZCTA5 13044,2546,298
8600000US13045,13045,ZCTA5 13045,30052,464
8600000US13051,13051,ZCTA5 13051,26,44
8600000US13052,13052,ZCTA5 13052,1651,206
8600000US13053,13053,ZCTA5 13053,3887,336
8600000US13054,13054,ZCTA5 13054,1293,302
8600000US13057,13057,ZCTA5 13057,15235,608
8600000US13060,13060,ZCTA5 13060,2277,256
8600000US13061,13061,ZCTA5 13061,1286,314
8600000US13062,13062,ZCTA5 13062,304,279
8600000US13063,13063,ZCTA5 13063,1995,297
8600000US13064,13064,ZCTA5 13064,10,8
8600000US13066,13066,ZCTA5 13066,11821,388
8600000US13068,13068,ZCTA5 13068,5245,457
8600000US13069,13069,ZCTA5 13069,24968,717
8600000US13071,13071,ZCTA5 13071,840,151
8600000US13072,13072,ZCTA5 13072,1121,232
8600000US13073,13073,ZCTA5 13073,6390,449
8600000US13074,13074,ZCTA5 13074,4648,362
8600000US13076,13076,ZCTA5 13076,2427,362
8600000US13077,13077,ZCTA5 13077,6525,348
8600000US13078,13078,ZCTA5 13078,10505,707
8600000US13080,13080,ZCTA5 13080,3962,430
8600000US13081,13081,ZCTA5 13081,1207,173
8600000US13082,13082,ZCTA5 13082,4224,472
8600000US13083,13083,ZCTA5 13083,1726,219
8600000US13084,13084,ZCTA5 13084,4246,487
8600000US13087,13087,ZCTA5 13087,294,192
8600000US13088,13088,ZCTA5 13088,21475,536
8600000US13090,13090,ZCTA5 13090,30257,698
8600000US13092,13092,ZCTA5 13092,2992,389
8600000US13101,13101,ZCTA5 13101,2615,268
8600000US13102,13102,ZCTA5 13102,340,333
8600000US13103,13103,ZCTA5 13103,334,206
8600000US13104,13104,ZCTA5 13104,15951,629
8600000US13108,13108,ZCTA5 13108,6424,271
8600000US13110,13110,ZCTA5 13110,2324,236
8600000US13111,13111,ZCTA5 13111,1485,288
8600000US13112,13112,ZCTA5 13112,1900,426
8600000US13113,13113,ZCTA5 13113,262,74
8600000US13114,13114,ZCTA5 13114,6495,389
8600000US13115,13115,ZCTA5 13115,166,102
8600000US13116,13116,ZCTA5 13116,3463,20
8600000US13117,13117,ZCTA5 13117,177,46
8600000US13118,13118,ZCTA5 13118,6164,221
8600000US13120,13120,ZCTA5 13120,2024,310
8600000US13122,13122,ZCTA5 13122,869,205
8600000US13123,13123,ZCTA5 13123,84,77
8600000US13124,13124,ZCTA5 13124,119,41
8600000US13126,13126,ZCTA5 13126,37483,505
8600000US13131,13131,ZCTA5 13131,3707,328
8600000US13132,13132,ZCTA5 13132,3789,383
8600000US13134,13134,ZCTA5 13134,37,28
8600000US13135,13135,ZCTA5 13135,6715,495
8600000US13136,13136,ZCTA5 13136,486,108
8600000US13138,13138,ZCTA5 13138,29,46
8600000US13140,13140,ZCTA5 13140,4159,300
8600000US13141,13141,ZCTA5 13141,456,139
8600000US13142,13142,ZCTA5 13142,6430,324
8600000US13143,13143,ZCTA5 13143,3262,403
8600000US13144,13144,ZCTA5 13144,1527,269
8600000US13145,13145,ZCTA5 13145,1872,211
8600000US13146,13146,ZCTA5 13146,2398,227
8600000US13147,13147,ZCTA5 13147,1599,386
8600000US13148,13148,ZCTA5 13148,10772,334
8600000US13152,13152,ZCTA5 13152,8207,246
8600000US13153,13153,ZCTA5 13153,267,140
8600000US13155,13155,ZCTA5 13155,686,136
8600000US13156,13156,ZCTA5 13156,2296,336
8600000US13157,13157,ZCTA5 13157,770,205
8600000US13158,13158,ZCTA5 13158,1891,200
8600000US13159,13159,ZCTA5 13159,5605,409
8600000US13160,13160,ZCTA5 13160,2086,333
8600000US13162,13162,ZCTA5 13162,629,219
8600000US13163,13163,ZCTA5 13163,303,105
8600000US13164,13164,ZCTA5 13164,2604,328
8600000US13165,13165,ZCTA5 13165,10729,420
8600000US13166,13166,ZCTA5 13166,5706,316
8600000US13167,13167,ZCTA5 13167,3179,309
8600000US13202,13202,ZCTA5 13202,5209,492
8600000US13203,13203,ZCTA5 13203,15513,735
8600000US13204,13204,ZCTA5 13204,20777,992
8600000US13205,13205,ZCTA5 13205,19511,1005
8600000US13206,13206,ZCTA5 13206,15650,826
8600000US13207,13207,ZCTA5 13207,13543,785
8600000US13208,13208,ZCTA5 13208,22475,909
8600000US13209,13209,ZCTA5 13209,13149,534
8600000US13210,13210,ZCTA5 13210,28368,910
8600000US13211,13211,ZCTA5 13211,6711,380
8600000US13212,13212,ZCTA5 13212,20638,531
8600000US13214,13214,ZCTA5 13214,8289,571
8600000US13215,13215,ZCTA5 13215,15599,457
8600000US13219,13219,ZCTA5 13219,15095,553
8600000US13224,13224,ZCTA5 13224,8868,721
8600000US13290,13290,ZCTA5 13290,0,12
8600000US13301,13301,ZCTA5 13301,194,162
8600000US13302,13302,ZCTA5 13302,1546,184
8600000US13303,13303,ZCTA5 13303,1045,182
8600000US13304,13304,ZCTA5 13304,1387,281
8600000US13305,13305,ZCTA5 13305,346,120
8600000US13308,13308,ZCTA5 13308,3710,477
8600000US13309,13309,ZCTA5 13309,6143,283
8600000US13310,13310,ZCTA5 13310,559,202
8600000US13312,13312,ZCTA5 13312,300,82
8600000US13313,13313,ZCTA5 13313,512,103
8600000US13314,13314,ZCTA5 13314,532,162
8600000US13315,13315,ZCTA5 13315,1536,181
8600000US13316,13316,ZCTA5 13316,6746,485
8600000US13317,13317,ZCTA5 13317,3744,195
8600000US13318,13318,ZCTA5 13318,1244,189
8600000US13319,13319,ZCTA5 13319,1181,362
8600000US13320,13320,ZCTA5 13320,2076,225
8600000US13321,13321,ZCTA5 13321,980,322
8600000US13322,13322,ZCTA5 13322,1103,208
8600000US13323,13323,ZCTA5 13323,11348,549
8600000US13324,13324,ZCTA5 13324,2249,228
8600000US13325,13325,ZCTA5 13325,985,142
8600000US13326,13326,ZCTA5 13326,5515,349
8600000US13327,13327,ZCTA5 13327,1952,211
8600000US13328,13328,ZCTA5 13328,1301,223
8600000US13329,13329,ZCTA5 13329,3899,346
8600000US13331,13331,ZCTA5 13331,254,125
8600000US13332,13332,ZCTA5 13332,2573,354
8600000US13333,13333,ZCTA5 13333,49,38
8600000US13334,13334,ZCTA5 13334,1239,286
8600000US13335,13335,ZCTA5 13335,1617,198
8600000US13337,13337,ZCTA5 13337,680,178
8600000US13338,13338,ZCTA5 13338,1087,159
8600000US13339,13339,ZCTA5 13339,6900,401
8600000US13340,13340,ZCTA5 13340,7878,411
8600000US13341,13341,ZCTA5 13341,116,55
8600000US13342,13342,ZCTA5 13342,230,88
8600000US13343,13343,ZCTA5 13343,1560,230
8600000US13345,13345,ZCTA5 13345,244,96
8600000US13346,13346,ZCTA5 13346,6843,563
8600000US13348,13348,ZCTA5 13348,1129,197
8600000US13350,13350,ZCTA5 13350,10094,81
8600000US13352,13352,ZCTA5 13352,271,257
8600000US13353,13353,ZCTA5 13353,40,21
8600000US13354,13354,ZCTA5 13354,3295,397
8600000US13355,13355,ZCTA5 13355,825,279
8600000US13357,13357,ZCTA5 13357,11201,386
8600000US13360,13360,ZCTA5 13360,566,103
8600000US13361,13361,ZCTA5 13361,993,190
8600000US13362,13362,ZCTA5 13362,128,112
8600000US13363,13363,ZCTA5 13363,2475,334
8600000US13364,13364,ZCTA5 13364,338,130
8600000US13365,13365,ZCTA5 13365,8837,297
8600000US13367,13367,ZCTA5 13367,8545,361
8600000US13368,13368,ZCTA5 13368,1287,160
8600000US13402,13402,ZCTA5 13402,1540,232
8600000US13403,13403,ZCTA5 13403,7641,368
8600000US13404,13404,ZCTA5 13404,300,109
8600000US13406,13406,ZCTA5 13406,725,123
8600000US13407,13407,ZCTA5 13407,5474,236
8600000US13408,13408,ZCTA5 13408,3604,412
8600000US13409,13409,ZCTA5 13409,2827,326
8600000US13410,13410,ZCTA5 13410,265,79
8600000US13411,13411,ZCTA5 13411,3889,340
8600000US13413,13413,ZCTA5 13413,16067,505
8600000US13415,13415,ZCTA5 13415,59,26
8600000US13416,13416,ZCTA5 13416,2186,226
8600000US13417,13417,ZCTA5 13417,3169,380
8600000US13418,13418,ZCTA5 13418,361,113
8600000US13420,13420,ZCTA5 13420,1215,331
8600000US13421,13421,ZCTA5 13421,14191,460
8600000US13424,13424,ZCTA5 13424,2722,216
8600000US13425,13425,ZCTA5 13425,2278,332
8600000US13428,13428,ZCTA5 13428,1499,266
8600000US13431,13431,ZCTA5 13431,2169,304
8600000US13433,13433,ZCTA5 13433,1934,215
8600000US13435,13435,ZCTA5 13435,213,69
8600000US13436,13436,ZCTA5 13436,77,35
8600000US13437,13437,ZCTA5 13437,493,98
8600000US13438,13438,ZCTA5 13438,4161,348
8600000US13439,13439,ZCTA5 13439,3831,327
8600000US13440,13440,ZCTA5 13440,42329,769
8600000US13441,13441,ZCTA5 13441,12,19
8600000US13450,13450,ZCTA5 13450,159,78
8600000US13452,13452,ZCTA5 13452,4809,233
8600000US13454,13454,ZCTA5 13454,654,137
8600000US13456,13456,ZCTA5 13456,4081,303
8600000US13459,13459,ZCTA5 13459,2296,367
8600000US13460,13460,ZCTA5 13460,4297,267
8600000US13461,13461,ZCTA5 13461,3071,14
8600000US13464,13464,ZCTA5 13464,978,149
8600000US13468,13468,ZCTA5 13468,534,148
8600000US13469,13469,ZCTA5 13469,742,296
8600000US13470,13470,ZCTA5 13470,606,118
8600000US13471,13471,ZCTA5 13471,3639,393
8600000US13472,13472,ZCTA5 13472,375,246
8600000US13473,13473,ZCTA5 13473,666,150
8600000US13475,13475,ZCTA5 13475,28,28
8600000US13476,13476,ZCTA5 13476,2957,398
8600000US13477,13477,ZCTA5 13477,1601,404
8600000US13478,13478,ZCTA5 13478,2886,420
8600000US13480,13480,ZCTA5 13480,3609,243
8600000US13483,13483,ZCTA5 13483,156,62
8600000US13484,13484,ZCTA5 13484,296,211
8600000US13485,13485,ZCTA5 13485,922,159
8600000US13486,13486,ZCTA5 13486,567,104
8600000US13488,13488,ZCTA5 13488,98,46
8600000US13489,13489,ZCTA5 13489,501,98
8600000US13490,13490,ZCTA5 13490,1347,316
8600000US13491,13491,ZCTA5 13491,3474,255
8600000US13492,13492,ZCTA5 13492,11530,336
8600000US13493,13493,ZCTA5 13493,2194,232
8600000US13494,13494,ZCTA5 13494,346,110
8600000US13495,13495,ZCTA5 13495,2202,203
8600000US13501,13501,ZCTA5 13501,37480,727
8600000US13502,13502,ZCTA5 13502,34183,899
8600000US13601,13601,ZCTA5 13601,38411,544
8600000US13602,13602,ZCTA5 13602,3104,594
8600000US13603,13603,ZCTA5 13603,10386,590
8600000US13605,13605,ZCTA5 13605,4740,591
8600000US13606,13606,ZCTA5 13606,3049,425
8600000US13607,13607,ZCTA5 13607,1993,308
8600000US13608,13608,ZCTA5 13608,1562,191
8600000US13612,13612,ZCTA5 13612,2877,302
8600000US13613,13613,ZCTA5 13613,2669,188
8600000US13614,13614,ZCTA5 13614,354,136
8600000US13615,13615,ZCTA5 13615,1052,213
8600000US13616,13616,ZCTA5 13616,1787,305
8600000US13617,13617,ZCTA5 13617,11118,420
8600000US13618,13618,ZCTA5 13618,1817,154
8600000US13619,13619,ZCTA5 13619,10687,443
8600000US13620,13620,ZCTA5 13620,2298,270
8600000US13621,13621,ZCTA5 13621,690,230
8600000US13622,13622,ZCTA5 13622,2971,503
8600000US13623,13623,ZCTA5 13623,106,77
8600000US13624,13624,ZCTA5 13624,5395,489
8600000US13625,13625,ZCTA5 13625,1843,199
8600000US13626,13626,ZCTA5 13626,1897,268
8600000US13628,13628,ZCTA5 13628,266,105
8600000US13630,13630,ZCTA5 13630,1582,332
8600000US13633,13633,ZCTA5 13633,344,97
8600000US13634,13634,ZCTA5 13634,4500,357
8600000US13635,13635,ZCTA5 13635,850,145
8600000US13636,13636,ZCTA5 13636,270,105
8600000US13637,13637,ZCTA5 13637,4343,456
8600000US13638,13638,ZCTA5 13638,252,126
8600000US13639,13639,ZCTA5 13639,201,74
8600000US13640,13640,ZCTA5 13640,214,117
8600000US13641,13641,ZCTA5 13641,64,61
8600000US13642,13642,ZCTA5 13642,10309,349
8600000US13643,13643,ZCTA5 13643,84,126
8600000US13646,13646,ZCTA5 13646,2735,315
8600000US13647,13647,ZCTA5 13647,66,47
8600000US13648,13648,ZCTA5 13648,2470,257
8600000US13650,13650,ZCTA5 13650,1202,231
8600000US13651,13651,ZCTA5 13651,212,90
8600000US13652,13652,ZCTA5 13652,1634,239
8600000US13654,13654,ZCTA5 13654,2311,387
8600000US13655,13655,ZCTA5 13655,3443,143
8600000US13656,13656,ZCTA5 13656,2758,396
8600000US13658,13658,ZCTA5 13658,1995,331
8600000US13659,13659,ZCTA5 13659,561,133
8600000US13660,13660,ZCTA5 13660,2243,398
8600000US13661,13661,ZCTA5 13661,1897,297
8600000US13662,13662,ZCTA5 13662,16631,319
8600000US13664,13664,ZCTA5 13664,577,121
8600000US13665,13665,ZCTA5 13665,1560,435
8600000US13666,13666,ZCTA5 13666,367,104
8600000US13667,13667,ZCTA5 13667,2950,363
8600000US13668,13668,ZCTA5 13668,3433,543
8600000US13669,13669,ZCTA5 13669,17146,488
8600000US13670,13670,ZCTA5 13670,484,75
8600000US13672,13672,ZCTA5 13672,608,169
8600000US13673,13673,ZCTA5 13673,2271,296
8600000US13674,13674,ZCTA5 13674,143,125
8600000US13675,13675,ZCTA5 13675,26,38
8600000US13676,13676,ZCTA5 13676,16339,525
8600000US13677,13677,ZCTA5 13677,196,218
8600000US13678,13678,ZCTA5 13678,214,196
8600000US13679,13679,ZCTA5 13679,1694,363
8600000US13680,13680,ZCTA5 13680,1317,270
8600000US13681,13681,ZCTA5 13681,828,154
8600000US13682,13682,ZCTA5 13682,739,139
8600000US13684,13684,ZCTA5 13684,1003,148
8600000US13685,13685,ZCTA5 13685,2192,261
8600000US13687,13687,ZCTA5 13687,547,116
8600000US13690,13690,ZCTA5 13690,907,126
8600000US13691,13691,ZCTA5 13691,3123,219
8600000US13692,13692,ZCTA5 13692,77,73
8600000US13693,13693,ZCTA5 13693,434,167
8600000US13694,13694,ZCTA5 13694,1365,217
8600000US13695,13695,ZCTA5 13695,64,40
8600000US13696,13696,ZCTA5 13696,42,69
8600000US13697,13697,ZCTA5 13697,2368,444
8600000US13730,13730,ZCTA5 13730,3009,368
8600000US13731,13731,ZCTA5 13731,919,150
8600000US13732,13732,ZCTA5 13732,8116,293
8600000US13733,13733,ZCTA5 13733,5239,343
8600000US13734,13734,ZCTA5 13734,2128,436
8600000US13736,13736,ZCTA5 13736,2417,229
8600000US13739,13739,ZCTA5 13739,916,158
8600000US13740,13740,ZCTA5 13740,470,123
8600000US13743,13743,ZCTA5 13743,3926,310
8600000US13744,13744,ZCTA5 13744,1357,317
8600000US13746,13746,ZCTA5 13746,2212,411
8600000US13748,13748,ZCTA5 13748,3855,332
8600000US13750,13750,ZCTA5 13750,922,208
8600000US13751,13751,ZCTA5 13751,160,79
8600000US13752,13752,ZCTA5 13752,643,135
8600000US13753,13753,ZCTA5 13753,5818,167
8600000US13754,13754,ZCTA5 13754,3708,344
8600000US13755,13755,ZCTA5 13755,1621,290
8600000US13756,13756,ZCTA5 13756,516,195
8600000US13757,13757,ZCTA5 13757,980,199
8600000US13760,13760,ZCTA5 13760,44489,644
8600000US13774,13774,ZCTA5 13774,275,181
8600000US13775,13775,ZCTA5 13775,1710,298
8600000US13776,13776,ZCTA5 13776,499,104
8600000US13777,13777,ZCTA5 13777,644,195
8600000US13778,13778,ZCTA5 13778,6056,238
8600000US13780,13780,ZCTA5 13780,1044,235
8600000US13782,13782,ZCTA5 13782,675,116
8600000US13783,13783,ZCTA5 13783,2169,304
8600000US13784,13784,ZCTA5 13784,154,76
8600000US13786,13786,ZCTA5 13786,514,210
8600000US13787,13787,ZCTA5 13787,3617,520
8600000US13788,13788,ZCTA5 13788,983,223
8600000US13790,13790,ZCTA5 13790,18610,501
8600000US13794,13794,ZCTA5 13794,116,85
8600000US13795,13795,ZCTA5 13795,3861,420
8600000US13796,13796,ZCTA5 13796,1251,237
8600000US13797,13797,ZCTA5 13797,2199,250
8600000US13801,13801,ZCTA5 13801,1277,187
8600000US13802,13802,ZCTA5 13802,590,269
8600000US13803,13803,ZCTA5 13803,4131,349
8600000US13804,13804,ZCTA5 13804,610,205
8600000US13806,13806,ZCTA5 13806,185,105
8600000US13807,13807,ZCTA5 13807,1275,211
8600000US13808,13808,ZCTA5 13808,1547,195
8600000US13809,13809,ZCTA5 13809,1715,420
8600000US13810,13810,ZCTA5 13810,1209,204
8600000US13811,13811,ZCTA5 13811,4295,212
8600000US13812,13812,ZCTA5 13812,2310,91
8600000US13813,13813,ZCTA5 13813,1089,427
8600000US13815,13815,ZCTA5 13815,14215,306
8600000US13820,13820,ZCTA5 13820,22709,620
8600000US13825,13825,ZCTA5 13825,3406,170
8600000US13826,13826,ZCTA5 13826,0,12
8600000US13827,13827,ZCTA5 13827,12167,600
8600000US13830,13830,ZCTA5 13830,4804,281
8600000US13832,13832,ZCTA5 13832,698,178
8600000US13833,13833,ZCTA5 13833,4161,419
8600000US13834,13834,ZCTA5 13834,46,46
8600000US13835,13835,ZCTA5 13835,1568,277
8600000US13838,13838,ZCTA5 13838,4277,420
8600000US13839,13839,ZCTA5 13839,1470,371
8600000US13841,13841,ZCTA5 13841,595,177
8600000US13842,13842,ZCTA5 13842,646,219
8600000US13843,13843,ZCTA5 13843,1534,226
8600000US13844,13844,ZCTA5 13844,818,185
8600000US13845,13845,ZCTA5 13845,153,144
8600000US13846,13846,ZCTA5 13846,281,125
8600000US13847,13847,ZCTA5 13847,107,77
8600000US13849,13849,ZCTA5 13849,4277,429
8600000US13850,13850,ZCTA5 13850,21926,485
8600000US13856,13856,ZCTA5 13856,6622,274
8600000US13859,13859,ZCTA5 13859,248,197
8600000US13860,13860,ZCTA5 13860,87,94
8600000US13861,13861,ZCTA5 13861,515,294
8600000US13862,13862,ZCTA5 13862,4284,307
8600000US13863,13863,ZCTA5 13863,759,170
8600000US13864,13864,ZCTA5 13864,1059,319
8600000US13865,13865,ZCTA5 13865,6465,223
8600000US13901,13901,ZCTA5 13901,18625,736
8600000US13902,13902,ZCTA5 13902,6158,481
8600000US13903,13903,ZCTA5 13903,19376,637
8600000US13904,13904,ZCTA5 13904,9288,711
8600000US13905,13905,ZCTA5 13905,28342,1008
8600000US14001,14001,ZCTA5 14001,9860,456
8600000US14004,14004,ZCTA5 14004,12132,477
8600000US14005,14005,ZCTA5 14005,2225,196
8600000US14006,14006,ZCTA5 14006,9413,522
8600000US14008,14008,ZCTA5 14008,1325,242
8600000US14009,14009,ZCTA5 14009,5654,274
8600000US14011,14011,ZCTA5 14011,10102,238
8600000US14012,14012,ZCTA5 14012,2266,213
8600000US14013,14013,ZCTA5 14013,1816,193
8600000US14020,14020,ZCTA5 14020,23302,281
8600000US14024,14024,ZCTA5 14024,1767,193
8600000US14025,14025,ZCTA5 14025,3331,450
8600000US14026,14026,ZCTA5 14026,717,189
8600000US14028,14028,ZCTA5 14028,1549,313
8600000US14030,14030,ZCTA5 14030,1647,273
8600000US14031,14031,ZCTA5 14031,9807,536
8600000US14032,14032,ZCTA5 14032,7235,469
8600000US14033,14033,ZCTA5 14033,2063,361
8600000US14034,14034,ZCTA5 14034,2967,282
8600000US14035,14035,ZCTA5 14035,187,226
8600000US14036,14036,ZCTA5 14036,5117,287
8600000US14037,14037,ZCTA5 14037,910,175
8600000US14039,14039,ZCTA5 14039,101,45
8600000US14040,14040,ZCTA5 14040,2156,213
8600000US14041,14041,ZCTA5 14041,338,158
8600000US14042,14042,ZCTA5 14042,3915,295
8600000US14043,14043,ZCTA5 14043,24425,706
8600000US14047,14047,ZCTA5 14047,6847,496
8600000US14048,14048,ZCTA5 14048,15072,369
8600000US14051,14051,ZCTA5 14051,20065,862
8600000US14052,14052,ZCTA5 14052,17818,764
8600000US14054,14054,ZCTA5 14054,1340,187
8600000US14055,14055,ZCTA5 14055,1653,231
8600000US14057,14057,ZCTA5 14057,8018,239
8600000US14058,14058,ZCTA5 14058,2249,236
8600000US14059,14059,ZCTA5 14059,9184,492
8600000US14060,14060,ZCTA5 14060,631,123
8600000US14061,14061,ZCTA5 14061,271,87
8600000US14062,14062,ZCTA5 14062,3222,285
8600000US14063,14063,ZCTA5 14063,14678,350
8600000US14065,14065,ZCTA5 14065,1823,264
8600000US14066,14066,ZCTA5 14066,1338,203
8600000US14067,14067,ZCTA5 14067,5038,502
8600000US14068,14068,ZCTA5 14068,7363,630
8600000US14069,14069,ZCTA5 14069,672,160
8600000US14070,14070,ZCTA5 14070,6629,511
8600000US14072,14072,ZCTA5 14072,20324,26
8600000US14075,14075,ZCTA5 14075,42670,700
8600000US14080,14080,ZCTA5 14080,4671,279
8600000US14081,14081,ZCTA5 14081,3061,324
8600000US14082,14082,ZCTA5 14082,325,94
8600000US14085,14085,ZCTA5 14085,7025,518
8600000US14086,14086,ZCTA5 14086,31685,567
8600000US14091,14091,ZCTA5 14091,1286,261
8600000US14092,14092,ZCTA5 14092,11388,490
8600000US14094,14094,ZCTA5 14094,51069,730
8600000US14098,14098,ZCTA5 14098,3099,247
8600000US14101,14101,ZCTA5 14101,2193,362
8600000US14102,14102,ZCTA5 14102,1417,314
8600000US14103,14103,ZCTA5 14103,11087,287
8600000US14105,14105,ZCTA5 14105,4489,414
8600000US14108,14108,ZCTA5 14108,5464,483
8600000US14109,14109,ZCTA5 14109,851,243
8600000US14111,14111,ZCTA5 14111,3291,246
8600000US14112,14112,ZCTA5 14112,11,20
8600000US14113,14113,ZCTA5 14113,614,145
8600000US14120,14120,ZCTA5 14120,44200,732
8600000US14125,14125,ZCTA5 14125,3855,141
8600000US14126,14126,ZCTA5 14126,726,254
8600000US14127,14127,ZCTA5 14127,29661,428
8600000US14129,14129,ZCTA5 14129,1542,212
8600000US14130,14130,ZCTA5 14130,277,111
8600000US14131,14131,ZCTA5 14131,4903,484
8600000US14132,14132,ZCTA5 14132,6585,566
8600000US14134,14134,ZCTA5 14134,65,51
8600000US14135,14135,ZCTA5 14135,119,79
8600000US14136,14136,ZCTA5 14136,5054,318
8600000US14138,14138,ZCTA5 14138,2199,268
8600000US14139,14139,ZCTA5 14139,1914,238
8600000US14141,14141,ZCTA5 14141,7737,287
8600000US14143,14143,ZCTA5 14143,1063,194
8600000US14145,14145,ZCTA5 14145,1501,194
8600000US14150,14150,ZCTA5 14150,42258,654
8600000US14167,14167,ZCTA5 14167,1678,169
8600000US14168,14168,ZCTA5 14168,91,84
8600000US14169,14169,ZCTA5 14169,368,146
8600000US14170,14170,ZCTA5 14170,2405,366
8600000US14171,14171,ZCTA5 14171,1837,278
8600000US14172,14172,ZCTA5 14172,3277,314
8600000US14173,14173,ZCTA5 14173,219,126
8600000US14174,14174,ZCTA5 14174,5735,415
8600000US14201,14201,ZCTA5 14201,13371,1089
8600000US14202,14202,ZCTA5 14202,3673,352
8600000US14203,14203,ZCTA5 14203,1216,258
8600000US14204,14204,ZCTA5 14204,9202,712
8600000US14206,14206,ZCTA5 14206,22248,1187
8600000US14207,14207,ZCTA5 14207,22694,1280
8600000US14208,14208,ZCTA5 14208,11258,944
8600000US14209,14209,ZCTA5 14209,8071,625
8600000US14210,14210,ZCTA5 14210,13318,1009
8600000US14211,14211,ZCTA5 14211,21906,1109
8600000US14212,14212,ZCTA5 14212,11078,931
8600000US14213,14213,ZCTA5 14213,23220,1334
8600000US14214,14214,ZCTA5 14214,19625,1182
8600000US14215,14215,ZCTA5 14215,40084,1456
8600000US14216,14216,ZCTA5 14216,23066,1102
8600000US14217,14217,ZCTA5 14217,23048,411
8600000US14218,14218,ZCTA5 14218,18953,361
8600000US14219,14219,ZCTA5 14219,11015,530
8600000US14220,14220,ZCTA5 14220,24299,931
8600000US14221,14221,ZCTA5 14221,52863,1155
8600000US14222,14222,ZCTA5 14222,15605,1019
8600000US14223,14223,ZCTA5 14223,22790,686
8600000US14224,14224,ZCTA5 14224,39939,611
8600000US14225,14225,ZCTA5 14225,32751,780
8600000US14226,14226,ZCTA5 14226,29514,926
8600000US14227,14227,ZCTA5 14227,22821,750
8600000US14228,14228,ZCTA5 14228,20774,757
8600000US14261,14261,ZCTA5 14261,5492,654
8600000US14301,14301,ZCTA5 14301,12985,833
8600000US14302,14302,ZCTA5 14302,75,50
8600000US14303,14303,ZCTA5 14303,5790,574
8600000US14304,14304,ZCTA5 14304,30128,960
8600000US14305,14305,ZCTA5 14305,17411,870
8600000US14411,14411,ZCTA5 14411,14525,311
8600000US14414,14414,ZCTA5 14414,7119,173
8600000US14415,14415,ZCTA5 14415,133,113
8600000US14416,14416,ZCTA5 14416,3607,139
8600000US14418,14418,ZCTA5 14418,1165,254
8600000US14420,14420,ZCTA5 14420,20526,330
8600000US14422,14422,ZCTA5 14422,2425,295
8600000US14423,14423,ZCTA5 14423,4739,235
8600000US14424,14424,ZCTA5 14424,26440,562
8600000US14425,14425,ZCTA5 14425,10818,248
8600000US14427,14427,ZCTA5 14427,2114,192
8600000US14428,14428,ZCTA5 14428,8511,482
8600000US14432,14432,ZCTA5 14432,5813,571
8600000US14433,14433,ZCTA5 14433,4219,359
8600000US14435,14435,ZCTA5 14435,2956,327
8600000US14437,14437,ZCTA5 14437,11380,352
8600000US14441,14441,ZCTA5 14441,335,132
8600000US14445,14445,ZCTA5 14445,8008,402
8600000US14450,14450,ZCTA5 14450,40922,780
8600000US14454,14454,ZCTA5 14454,11050,105
8600000US14456,14456,ZCTA5 14456,20177,497
8600000US14462,14462,ZCTA5 14462,555,141
8600000US14464,14464,ZCTA5 14464,7087,344
8600000US14466,14466,ZCTA5 14466,1677,426
8600000US14467,14467,ZCTA5 14467,9485,532
8600000US14468,14468,ZCTA5 14468,17785,655
8600000US14469,14469,ZCTA5 14469,5955,303
8600000US14470,14470,ZCTA5 14470,7937,264
8600000US14471,14471,ZCTA5 14471,2680,345
8600000US14472,14472,ZCTA5 14472,8468,508
8600000US14475,14475,ZCTA5 14475,243,87
8600000US14476,14476,ZCTA5 14476,2257,209
8600000US14477,14477,ZCTA5 14477,2024,273
8600000US14478,14478,ZCTA5 14478,1528,216
8600000US14479,14479,ZCTA5 14479,316,130
8600000US14480,14480,ZCTA5 14480,831,370
8600000US14481,14481,ZCTA5 14481,1878,289
8600000US14482,14482,ZCTA5 14482,8305,180
8600000US14485,14485,ZCTA5 14485,4345,319
8600000US14486,14486,ZCTA5 14486,288,170
8600000US14487,14487,ZCTA5 14487,6101,540
8600000US14489,14489,ZCTA5 14489,7512,399
8600000US14502,14502,ZCTA5 14502,10576,490
8600000US14504,14504,ZCTA5 14504,1557,205
8600000US14505,14505,ZCTA5 14505,5376,285
8600000US14506,14506,ZCTA5 14506,1457,368
8600000US14507,14507,ZCTA5 14507,1215,159
8600000US14510,14510,ZCTA5 14510,4892,209
8600000US14511,14511,ZCTA5 14511,407,118
8600000US14512,14512,ZCTA5 14512,4737,237
8600000US14513,14513,ZCTA5 14513,13829,352
8600000US14514,14514,ZCTA5 14514,6243,502
8600000US14516,14516,ZCTA5 14516,2174,266
8600000US14517,14517,ZCTA5 14517,2958,216
8600000US14519,14519,ZCTA5 14519,11490,310
8600000US14521,14521,ZCTA5 14521,2876,292
8600000US14522,14522,ZCTA5 14522,9486,415
8600000US14525,14525,ZCTA5 14525,2820,306
8600000US14526,14526,ZCTA5 14526,20146,598
8600000US14527,14527,ZCTA5 14527,13157,579
8600000US14529,14529,ZCTA5 14529,114,66
8600000US14530,14530,ZCTA5 14530,5425,136
8600000US14532,14532,ZCTA5 14532,4316,419
8600000US14533,14533,ZCTA5 14533,1978,308
8600000US14534,14534,ZCTA5 14534,32106,785
8600000US14536,14536,ZCTA5 14536,555,92
8600000US14537,14537,ZCTA5 14537,158,71
8600000US14539,14539,ZCTA5 14539,157,78
8600000US14541,14541,ZCTA5 14541,4483,282
8600000US14542,14542,ZCTA5 14542,47,32
8600000US14543,14543,ZCTA5 14543,3166,215
8600000US14544,14544,ZCTA5 14544,2364,301
8600000US14545,14545,ZCTA5 14545,201,60
8600000US14546,14546,ZCTA5 14546,4624,243
8600000US14548,14548,ZCTA5 14548,4499,535
8600000US14549,14549,ZCTA5 14549,42,54
8600000US14550,14550,ZCTA5 14550,1611,242
8600000US14551,14551,ZCTA5 14551,5720,337
8600000US14555,14555,ZCTA5 14555,1099,199
8600000US14559,14559,ZCTA5 14559,18069,586
8600000US14560,14560,ZCTA5 14560,1628,267
8600000US14561,14561,ZCTA5 14561,3578,441
8600000US14564,14564,ZCTA5 14564,14382,243
8600000US14568,14568,ZCTA5 14568,6211,385
8600000US14569,14569,ZCTA5 14569,6137,207
8600000US14571,14571,ZCTA5 14571,1231,254
8600000US14572,14572,ZCTA5 14572,5398,326
8600000US14580,14580,ZCTA5 14580,50036,447
8600000US14585,14585,ZCTA5 14585,65,20
8600000US14586,14586,ZCTA5 14586,10431,639
8600000US14588,14588,ZCTA5 14588,262,125
8600000US14589,14589,ZCTA5 14589,7694,225
8600000US14590,14590,ZCTA5 14590,5159,285
8600000US14591,14591,ZCTA5 14591,1687,179
8600000US14592,14592,ZCTA5 14592,225,183
8600000US14604,14604,ZCTA5 14604,1494,244
8600000US14605,14605,ZCTA5 14605,13524,832
8600000US14606,14606,ZCTA5 14606,30109,1164
8600000US14607,14607,ZCTA5 14607,16002,776
8600000US14608,14608,ZCTA5 14608,12390,894
8600000US14609,14609,ZCTA5 14609,42085,1425
8600000US14610,14610,ZCTA5 14610,14157,686
8600000US14611,14611,ZCTA5 14611,17403,880
8600000US14612,14612,ZCTA5 14612,35695,1201
8600000US14613,14613,ZCTA5 14613,13022,1100
8600000US14614,14614,ZCTA5 14614,1119,191
8600000US14615,14615,ZCTA5 14615,16573,1113
8600000US14616,14616,ZCTA5 14616,27969,1410
8600000US14617,14617,ZCTA5 14617,23091,567
8600000US14618,14618,ZCTA5 14618,22370,893
8600000US14619,14619,ZCTA5 14619,15078,943
8600000US14620,14620,ZCTA5 14620,25960,886
8600000US14621,14621,ZCTA5 14621,33133,1199
8600000US14622,14622,ZCTA5 14622,11808,430
8600000US14623,14623,ZCTA5 14623,26462,1113
8600000US14624,14624,ZCTA5 14624,35755,932
8600000US14625,14625,ZCTA5 14625,10563,499
8600000US14626,14626,ZCTA5 14626,29627,973
8600000US14627,14627,ZCTA5 14627,2780,279
8600000US14701,14701,ZCTA5 14701,40408,527
8600000US14706,14706,ZCTA5 14706,6359,327
8600000US14707,14707,ZCTA5 14707,274,142
8600000US14708,14708,ZCTA5 14708,311,123
8600000US14709,14709,ZCTA5 14709,1486,184
8600000US14710,14710,ZCTA5 14710,3569,295
8600000US14711,14711,ZCTA5 14711,1621,160
8600000US14712,14712,ZCTA5 14712,3522,283
8600000US14714,14714,ZCTA5 14714,555,150
8600000US14715,14715,ZCTA5 14715,2833,209
8600000US14716,14716,ZCTA5 14716,3046,235
8600000US14717,14717,ZCTA5 14717,638,117
8600000US14718,14718,ZCTA5 14718,2197,328
8600000US14719,14719,ZCTA5 14719,3638,325
8600000US14720,14720,ZCTA5 14720,758,216
8600000US14721,14721,ZCTA5 14721,145,80
8600000US14722,14722,ZCTA5 14722,309,145
8600000US14723,14723,ZCTA5 14723,1243,150
8600000US14724,14724,ZCTA5 14724,2424,239
8600000US14726,14726,ZCTA5 14726,2080,328
8600000US14727,14727,ZCTA5 14727,5335,351
8600000US14728,14728,ZCTA5 14728,949,274
8600000US14729,14729,ZCTA5 14729,960,160
8600000US14731,14731,ZCTA5 14731,1267,251
8600000US14732,14732,ZCTA5 14732,135,49
8600000US14733,14733,ZCTA5 14733,4128,355
8600000US14735,14735,ZCTA5 14735,2812,266
8600000US14736,14736,ZCTA5 14736,180,63
8600000US14737,14737,ZCTA5 14737,4085,171
8600000US14738,14738,ZCTA5 14738,3701,69
8600000US14739,14739,ZCTA5 14739,2911,286
8600000US14740,14740,ZCTA5 14740,1673,217
8600000US14741,14741,ZCTA5 14741,2226,368
8600000US14742,14742,ZCTA5 14742,253,130
8600000US14743,14743,ZCTA5 14743,1680,270
8600000US14744,14744,ZCTA5 14744,2255,214
8600000US14747,14747,ZCTA5 14747,2203,213
8600000US14748,14748,ZCTA5 14748,1011,273
8600000US14750,14750,ZCTA5 14750,4358,210
8600000US14752,14752,ZCTA5 14752,181,103
8600000US14753,14753,ZCTA5 14753,1009,141
8600000US14754,14754,ZCTA5 14754,637,113
8600000US14755,14755,ZCTA5 14755,3056,238
8600000US14756,14756,ZCTA5 14756,100,152
8600000US14757,14757,ZCTA5 14757,3441,284
8600000US14760,14760,ZCTA5 14760,18439,303
8600000US14767,14767,ZCTA5 14767,2022,217
8600000US14769,14769,ZCTA5 14769,983,189
8600000US14770,14770,ZCTA5 14770,2972,241
8600000US14772,14772,ZCTA5 14772,4093,242
8600000US14774,14774,ZCTA5 14774,267,96
8600000US14775,14775,ZCTA5 14775,2316,291
8600000US14777,14777,ZCTA5 14777,622,142
8600000US14778,14778,ZCTA5 14778,1487,280
8600000US14779,14779,ZCTA5 14779,6691,112
8600000US14781,14781,ZCTA5 14781,2204,301
8600000US14782,14782,ZCTA5 14782,2826,333
8600000US14783,14783,ZCTA5 14783,329,94
8600000US14784,14784,ZCTA5 14784,824,202
8600000US14787,14787,ZCTA5 14787,5137,290
8600000US14788,14788,ZCTA5 14788,146,88
8600000US14801,14801,ZCTA5 14801,5452,236
8600000US14802,14802,ZCTA5 14802,4410,217
8600000US14803,14803,ZCTA5 14803,871,192
8600000US14804,14804,ZCTA5 14804,1645,194
8600000US14805,14805,ZCTA5 14805,948,129
8600000US14806,14806,ZCTA5 14806,2200,244
8600000US14807,14807,ZCTA5 14807,2884,263
8600000US14808,14808,ZCTA5 14808,473,114
8600000US14809,14809,ZCTA5 14809,2314,236
8600000US14810,14810,ZCTA5 14810,12418,362
8600000US14812,14812,ZCTA5 14812,3596,275
8600000US14813,14813,ZCTA5 14813,2577,253
8600000US14814,14814,ZCTA5 14814,2287,354
8600000US14815,14815,ZCTA5 14815,956,179
8600000US14816,14816,ZCTA5 14816,616,338
8600000US14817,14817,ZCTA5 14817,2273,240
8600000US14818,14818,ZCTA5 14818,1834,447
8600000US14819,14819,ZCTA5 14819,944,196
8600000US14820,14820,ZCTA5 14820,689,105
8600000US14821,14821,ZCTA5 14821,3265,292
8600000US14822,14822,ZCTA5 14822,1224,173
8600000US14823,14823,ZCTA5 14823,3704,191
8600000US14824,14824,ZCTA5 14824,761,177
8600000US14825,14825,ZCTA5 14825,1093,194
8600000US14826,14826,ZCTA5 14826,2168,180
8600000US14827,14827,ZCTA5 14827,37,44
8600000US14830,14830,ZCTA5 14830,19636,362
8600000US14836,14836,ZCTA5 14836,1067,183
8600000US14837,14837,ZCTA5 14837,5425,355
8600000US14838,14838,ZCTA5 14838,1924,440
8600000US14839,14839,ZCTA5 14839,771,162
8600000US14840,14840,ZCTA5 14840,3135,259
8600000US14841,14841,ZCTA5 14841,1012,279
8600000US14842,14842,ZCTA5 14842,956,292
8600000US14843,14843,ZCTA5 14843,13065,293
8600000US14845,14845,ZCTA5 14845,20350,689
8600000US14846,14846,ZCTA5 14846,741,142
8600000US14847,14847,ZCTA5 14847,2339,240
8600000US14850,14850,ZCTA5 14850,64394,875
8600000US14853,14853,ZCTA5 14853,2769,418
8600000US14854,14854,ZCTA5 14854,0,12
8600000US14855,14855,ZCTA5 14855,810,176
8600000US14856,14856,ZCTA5 14856,129,85
8600000US14858,14858,ZCTA5 14858,1863,288
8600000US14859,14859,ZCTA5 14859,974,186
8600000US14860,14860,ZCTA5 14860,1214,183
8600000US14861,14861,ZCTA5 14861,1263,186
8600000US14864,14864,ZCTA5 14864,1260,265
8600000US14865,14865,ZCTA5 14865,2643,274
8600000US14867,14867,ZCTA5 14867,5619,211
8600000US14869,14869,ZCTA5 14869,1396,205
8600000US14870,14870,ZCTA5 14870,10131,296
8600000US14871,14871,ZCTA5 14871,5278,465
8600000US14872,14872,ZCTA5 14872,775,259
8600000US14873,14873,ZCTA5 14873,2457,320
8600000US14874,14874,ZCTA5 14874,283,98
8600000US14877,14877,ZCTA5 14877,467,100
8600000US14878,14878,ZCTA5 14878,834,252
8600000US14879,14879,ZCTA5 14879,2165,251
8600000US14880,14880,ZCTA5 14880,1579,177
8600000US14881,14881,ZCTA5 14881,100,72
8600000US14882,14882,ZCTA5 14882,3919,436
8600000US14883,14883,ZCTA5 14883,4355,324
8600000US14884,14884,ZCTA5 14884,223,65
8600000US14885,14885,ZCTA5 14885,1091,229
8600000US14886,14886,ZCTA5 14886,6722,492
8600000US14889,14889,ZCTA5 14889,1508,194
8600000US14891,14891,ZCTA5 14891,4448,246
8600000US14892,14892,ZCTA5 14892,7960,342
8600000US14893,14893,ZCTA5 14893,6,8
8600000US14894,14894,ZCTA5 14894,1477,187
8600000US14895,14895,ZCTA5 14895,9591,201
8600000US14897,14897,ZCTA5 14897,939,146
8600000US14898,14898,ZCTA5 14898,2120,328
8600000US14901,14901,ZCTA5 14901,16658,886
8600000US14903,14903,ZCTA5 14903,6927,380
8600000US14904,14904,ZCTA5 14904,15806,722
8600000US14905,14905,ZCTA5 14905,9897,778
